album_id,genre,song_name
10552055,발라드,이 밤을 빌려 말해요 (바른연애 길잡이 X 10CM)
10238711,록/메탈,옥탑방 (Rooftop)
2175738,랩/힙합,이게 사랑이 아니면 (Feat. 에일리)
862970,발라드,흩어져
10040060,"댄스, 발라드",KNOCK KNOCK
2210557,록/메탈,"스물다섯, 스물하나"
10889981,R&B/Soul,GANADARA (Feat. 아이유)
2263804,"발라드, 댄스",하늘색 약속
2059007,댄스,미치겠어
2134788,랩/힙합,Boogie On & On
10400522,"댄스, 랩/힙합, 록/메탈",WANNABE
10027786,"발라드, 록/메탈, 포크/블루스",오랜 날 오랜 밤
2214670,"댄스, 발라드",Hush
1258257,"댄스, 발라드",Shampoo
2290452,"인디음악, 포크/블루스",스토커
2177822,"댄스, 발라드",기대해
10318623,"국내드라마, 발라드",Done For Me
10128163,발라드,답장
2153251,"발라드, 댄스",보여줄게
1313571,발라드,얼음꽃 (Feat. 김세황)
10369830,"R&B/Soul, 인디음악",마음이 말하는 행복 (Happiness) (Feat.이라온)
2655015,랩/힙합,19금 유레카 (Feat. Zion.T)
2202410,록/메탈,처음엔 사랑이란게
2145068,발라드,I Need You
723759,"댄스, 발라드",너 때문에
11033394,"랩/힙합, 댄스, 발라드",Pink Venom
10810162,랩/힙합,Counting Stars (Feat. Beenzino)
2706226,발라드,그대라는 사치
2179893,발라드,녹는 중 (Feat. 버벌진트)
10447670,댄스,Into the I-LAND
2020148,"댄스, 발라드",사랑은 Move
838454,"댄스, 발라드",뱅(Bang) !
838452,발라드,비켜줄께
10261306,"댄스, R&B/Soul",고고베베 (gogobebe)
10636091,발라드,하루만 더
2298684,발라드,목소리
10203965,발라드,이별하러 가는 길
10181438,"발라드, 인디음악",동화
10070846,"인디음악, 포크/블루스",남이 될 수 있을까
2689855,"댄스, R&B/Soul, 발라드, 랩/힙합",Monster
2325321,"댄스, 발라드",심쿵해 (Heart Attack)
1063754,발라드,언제나
10025804,"발라드, 국내드라마",Who Are You
10093389,랩/힙합,시차 (We Are) (Feat. 로꼬 & GRAY)
10191694,댄스,Power Up
2265934,"댄스, 발라드",Darling
2030418,"댄스, 발라드",Be My Baby
2661204,"발라드, 댄스, 록/메탈",센치해
2194266,"댄스, 발라드, 일렉트로니카",첫 사랑니 (Rum Pum Pum Pum)
2040666,"발라드, 댄스",너랑 나
10818396,댄스,Dreams Come True
2175837,"발라드, 국내드라마",겨울사랑
2669407,"R&B/Soul, 댄스, 랩/힙합",넌 is 뭔들
11078496,"댄스, 발라드, R&B/Soul, 록/메탈",ANTIFRAGILE
2325345,"댄스, 발라드",SHAKE IT
2286432,랩/힙합,"19금 BORN HATER (Feat. 빈지노, 버벌진트, B.I, MINO, BOBBY)"
10011491,"포크/블루스, 댄스",불장난
10058598,R&B/Soul,오늘 취하면 (Feat. 창모) (Prod. SUGA)
10060647,"댄스, 발라드, 랩/힙합, 록/메탈",New Face
2171751,댄스,강북멋쟁이
10273641,"랩/힙합, R&B/Soul, 댄스",작은 것들을 위한 시 (Boy With Luv) (Feat. Halsey)
10212203,발라드,고백
332658,R&B/Soul,내사람
2157426,"댄스, 발라드",Ice Cream (Feat. Maboos)
2106226,발라드,사랑은 다 그런거래요
10025845,"발라드, 국내드라마",이쁘다니까
11023224,"댄스, R&B/Soul, 발라드",FOREVER 1
10439549,랩/힙합,깡 Official Remix
2300803,발라드,또 운다 또
1125251,"댄스, 발라드",왜 (Keep Your Head Down)
10554246,"댄스, 발라드, R&B/Soul",Celebrity
822151,발라드,사랑이 올까요 (With 백지영)
2319240,R&B/Soul,꺼내 먹어요
2182026,포크/블루스,봄봄봄
979852,발라드,난 너에게
2171790,랩/힙합,시작이 좋아 (Feat. 강민희 Of 미스에스)
2083726,발라드,Falling
10148752,랩/힙합,북 (Prod. SLO)
2190225,랩/힙합,슬피 우는 새 (Feat. 이수영)
2313106,랩/힙합,Me You (Feat. 백예린 Of 15&)
10210198,랩/힙합,시간이 들겠지 (Feat. Colde)
2683798,"발라드, 국내드라마",꿈처럼
2302870,R&B/Soul,같은 시간 속의 너
1334167,"댄스, 발라드",모나리자 (Mona Lisa)
992151,"댄스, 발라드",Madonna
10036123,댄스,YESTERDAY
10505118,"발라드, 댄스",힘든 건 사랑이 아니다
2177951,"발라드, 국내드라마",그리고 하나
842655,"록/메탈, 인디음악",고백
2702242,"록/메탈, 인디음악",뜨거운 여름밤은 가고 남은 건 볼품없지만
10163106,"댄스, 발라드",밤 (Time for the moon night)
10154916,"랩/힙합, 록/메탈, 발라드, 댄스, R&B/Soul",EVERYDAY
2335653,발라드,가슴 뛰도록
10695590,"발라드, 인디음악",고백
2124707,"댄스, 발라드",2HOT
10032040,발라드,소나기
2124713,발라드,illa illa (일라 일라)
1004461,발라드,U
10521521,"랩/힙합, 댄스, 발라드, R&B/Soul",Life Goes On
2677681,"댄스, 발라드",상상더하기
2059186,"포크/블루스, 클래식, 크로스오버",애상
10179508,"인디음악, 일렉트로니카",Way Back Home
10173365,"댄스, 발라드",켜줘 (Light)
1276855,"발라드, 댄스",Fiction
773051,"발라드, 댄스, 록/메탈",사랑이 술을 가르쳐 (Feat. 백찬 From 8eight)
1024955,발라드,헤어지러 가는 길 (Feat. 조권)
10425277,"발라드, 인디음악",서면역에서
10638275,발라드,바라만 본다
1139654,발라드,처음 사랑하는 연인들을 위해 (반말송)
10863559,"댄스, 발라드, R&B/Soul",INVU
10830791,댄스,Step Back
10589127,"댄스, R&B/Soul, 록/메탈, 일렉트로니카",ASAP
10040265,"R&B/Soul, 록/메탈, 발라드, 댄스",Fine
2200521,랩/힙합,착해 빠졌어 (Stupid In Love)
10083276,록/메탈,사랑하지 않은 것처럼
10232781,"댄스, R&B/Soul, 발라드",Love Shot
2638798,발라드,또 다시 사랑
2225097,"발라드, 국내드라마",별처럼
10873811,"댄스, R&B/Soul",RUN2U
10144723,"댄스, 발라드",BOOMERANG (부메랑)
2673620,"발라드, 국내드라마, 랩/힙합",다시 너를
10865624,발라드,"너, 너 (N번째 연애 X 휘인 (Whee In))"
10083290,발라드,all of my life
10056666,"발라드, 댄스, R&B/Soul",팔레트 (Feat. G-DRAGON)
2687963,"발라드, 국내드라마",너였다면
2681820,발라드,내 입술 따뜻한 커피처럼 (Feat. 이성경) (Prod. by 박근태)
10804190,"국내드라마, 발라드",서랍
10810337,"국내드라마, 발라드",우리가 헤어져야 했던 이유
2186215,"일렉트로니카, 댄스",콩떡빙수
1125351,댄스,샤이보이
2243562,랩/힙합,뜨래요 (Feat. 앙리 Of 3B)
10068972,"댄스, 발라드",Why Don't You Know (Feat. 넉살)
10636269,"국내드라마, 발라드",가을 우체국 앞에서
10359789,발라드,나의 오랜 연인에게
1235959,"댄스, 발라드",거울아 거울아
10234872,댄스,MILLIONS
10423289,"댄스, 발라드",Dolphin
2214910,발라드,편지
2663424,R&B/Soul,잊어버리지마 (Feat. 태연)
10521601,랩/힙합,VVS (Feat. JUSTHIS) (Prod. GroovyRoom)
10245121,랩/힙합,이 노래가 클럽에서 나온다면
2282505,"인디음악, 록/메탈",위잉위잉
2329610,"댄스, 발라드",Remember
10716174,"R&B/Soul, 인디음악",찰나가 영원이 될 때 (The Eternal Moment)
2167822,발라드,되돌리다
2311184,랩/힙합,아무도 모르게 (Prod. by MC몽)
2092046,발라드,너도 나처럼
1000465,R&B/Soul,결혼까지 생각했어
2640915,랩/힙합,바람이나 좀 쐐 (Feat. 우혜미)
2710553,발라드,넋두리
2292762,"발라드, 국내드라마",바라보기
2079769,"발라드, 댄스",니가 필요해 (I Need You)
10316828,"국내드라마, 발라드",내 목소리 들리니
10038305,발라드,비가와 (Rain)
2640930,R&B/Soul,어깨
2235426,"댄스, 발라드",Mr.Mr.
2309156,"댄스, 발라드",Ice Cream Cake
2692133,랩/힙합,19금 니가 알던 내가 아냐 (Prod. By GRAY)
10916904,랩/힙합,LOVE me
2313257,댄스,한번 더 말해줘 (Feat. 장한나)
828461,"발라드, 댄스",잘못했어
2288687,랩/힙합,내가 그리웠니 (Feat. 진실 Of Mad Soul Child)
2067506,발라드,널 사랑하겠어
2665523,발라드,Rain
2180147,랩/힙합,어때 (Feat. 하림)
10368053,"댄스, R&B/Soul, 발라드, 재즈, 애시드/퓨전/팝",Psycho
2309174,발라드,두사랑 (Feat. 매드클라운)
1104951,랩/힙합,Oh Yeah (Feat. 박봄)
2020402,랩/힙합,나쁘다 (feat. 진실)
2268221,댄스,Touch My Body
2169918,"발라드, 댄스",Goodbye To Romance
11004992,"댄스, 랩/힙합, R&B/Soul",SNEAKERS
10939458,"댄스, 발라드",FEARLESS
10576966,"록/메탈, 포크/블루스",On The Ground
10501191,댄스,DON'T TOUCH ME
2692170,"R&B/Soul, 발라드",Bye bye my blue
2708558,"발라드, 국내드라마",구르미 그린 달빛
10476623,댄스,운전만해 (We Ride)
2198610,"국내드라마, 발라드, R&B/Soul",Touch Love
1236055,"댄스, 발라드",LOVE SONG
11062364,R&B/Soul,Rush Hour (Feat. j-hope of BTS)
10409054,"국내드라마, 발라드",아로하
2686047,"발라드, R&B/Soul",쏘쏘
11045985,랩/힙합,새삥 (Prod. ZICO) (Feat. 호미들)
10388581,"국내드라마, 발라드",그때 그 아인
2321510,랩/힙합,뱅뱅뱅 (BANG BANG BANG)
2174057,댄스,있다 없으니까 (Gone Not Around Any Longer)
10292330,"R&B/Soul, 댄스",누구 없소 (NO ONE) (Feat. B.I of iKON)
2233456,"댄스, 발라드",보름달 (Feat. Lena)
1248368,"댄스, 발라드",피노키오 (Danger)
1272951,발라드,비가 오는 날엔
2258044,랩/힙합,사람냄새
10415229,"국내드라마, 발라드",그대 고운 내사랑
2188413,"댄스, 발라드",Give It To Me
10937474,"랩/힙합, 댄스, 일렉트로니카",That That (prod. & feat. SUGA of BTS)
1029252,발라드,그대네요
10611845,R&B/Soul,헤픈 우연
2212999,"댄스, R&B/Soul",내일은 없어
1229964,"댄스, 발라드",Heart To Heart
10189965,랩/힙합,flex (Prod. By 기리보이)
973965,발라드,밥만 잘 먹더라
2315407,"댄스, 발라드",연예할래
10890384,"록/메탈, R&B/Soul, 댄스, 랩/힙합",TOMBOY
1143954,"발라드, 댄스",Black & White
2319508,발라드,이럴거면 그러지말지 (Feat. Young K)
2276500,랩/힙합,A Real Man
2192532,"발라드, 댄스",U & I
10259609,랩/힙합,술이 달다 (Feat. Crush)
10437786,댄스,MORE & MORE
2133148,"댄스, 발라드",DAY BY DAY
10575005,성인가요/트로트,별빛 같은 나의 사랑아
2165918,발라드,만약에 말야 (전우성 Solo)
10908834,록/메탈,봄여름가을겨울 (Still Life)
904355,R&B/Soul,Bye Bye Bye
10427559,"인디음악, 포크/블루스",나비와 고양이 (feat.백현 (BAEKHYUN))
10101927,"국내드라마, 록/메탈",짙어져
2196649,댄스,넌 내꺼라는걸 (Feat. 스윙스)
10024106,"발라드, 국내드라마, R&B/Soul",Beautiful
10607796,록/메탈,신호등
10359994,랩/힙합,"아마두 (feat.우원재, 김효은, 넉살, Huckleberry P)"
2137275,랩/힙합,강남스타일
988352,"인디음악, 록/메탈",아메리카노
988353,댄스,정신이 나갔었나봐
10556610,발라드,추억은 만남보다 이별에 남아
11078852,"록/메탈, 댄스, 랩/힙합, R&B/Soul",Nxde
2657476,댄스,PICK ME
2680009,발라드,하늘바라기 (Feat. 하림)
2335950,"댄스, R&B/Soul, 록/메탈, 일렉트로니카",레옹
10857681,발라드,언제나 사랑해
2669778,"발라드, 국내드라마",이 사랑
10527955,발라드,그날에 나는 맘이 편했을까
10353881,발라드,우리 왜 헤어져야 해
10894554,"댄스, 발라드, R&B/Soul",Feel My Rhythm
10433754,"국내드라마, 발라드",사랑하게 될 줄 알았어
2673882,"국내드라마, 발라드",말해! 뭐해?
2313436,댄스,어머님이 누구니 (Feat. 제시)
2184411,발라드,청혼하는 거예요
1356151,랩/힙합,"Grand Final (Feat. 정인, MC 날유)"
10286309,발라드,너에게 못했던 내 마지막 말은
2311397,"댄스, R&B/Soul, 발라드",CALL ME BABY
10210535,R&B/Soul,삐삐
2137318,댄스,Midnight (별 헤는 밤)
10013929,"인디음악, 록/메탈",비행운
1324270,"댄스, 발라드, 록/메탈",바람났어 (Feat. 박봄)
10716399,"R&B/Soul, 인디음악",너를 생각해
2223343,"발라드, 국내드라마",My Destiny
10085618,랩/힙합,N분의1 (Feat. 다이나믹듀오)
2309363,발라드,사월의 눈
2663668,"댄스, 발라드",시간을 달려서 (Rough)
2641140,랩/힙합,보통연애 (Feat. 박보람)
2663674,"발라드, R&B/Soul",너는 나 나는 너
2671866,R&B/Soul,한숨
2311419,"댄스, R&B/Soul",다른 남자 말고 너
10218750,"댄스, R&B/Soul, 발라드",Tempo
10226943,발라드,흔한 이별
2260223,랩/힙합,한여름밤의 꿀
2157826,"록/메탈, 발라드",휘파람
10388744,"국내드라마, 발라드",마음을 드려요
10540298,R&B/Soul,밝게 빛나는 별이 되어 비춰줄게
759051,댄스,Change (Feat. 용준형 From Beast)
10016012,발라드,노력
10261773,랩/힙합,눈 (Prod. 기리보이)
10351886,"댄스, 발라드",HIP
2243859,발라드,그런 남자
2008341,"댄스, 발라드",Top Girl
1283353,"록/메탈, 발라드",Hello Hello
10507546,발라드,나랑 같이 걸을래 (바른연애 길잡이 X 적재)
2180379,"발라드, 댄스",Love Blossom (러브블러썸)
2069786,댄스,이럴 줄 알았어
2084128,"댄스, 발라드",FANTASTIC BABY
2217249,발라드,그리워해요
2168099,"발라드, 댄스",카페인 (Feat. 용준형 Of BEAST)
2180390,포크/블루스,외국인의 고백
10577197,"발라드, 인디음악",이렇게 좋아해 본 적이 없어요
1051951,"댄스, 발라드",훗 (Hoot)
2327866,"댄스, 발라드",링마벨 (Ring My Bell)
2192706,"R&B/Soul, 발라드",Be OK (Feat. 배치기)
2250057,"댄스, 발라드",HER
10294603,"R&B/Soul, 인디음악",오늘도 빛나는 너에게 (To You My Light) (Feat.이라온)
10478925,발라드,내 마음이 움찔했던 순간 (취향저격 그녀 X 규현)
10929486,발라드,나의 X에게
2327886,R&B/Soul,Oasis (Feat. ZICO)
10317137,"국내드라마, 발라드",안녕
10267986,발라드,시든 꽃에 물을 주듯
1238353,"댄스, 발라드",To Me (내게로..)
2659671,발라드,어땠을까
2649434,"국내드라마, 발라드",걱정말아요 그대
1199451,발라드,가슴 시린 이야기 (Feat. 용준형 Of Beast)
2282848,발라드,당신만이
10052968,R&B/Soul,사랑이 잘 (With 오혁)
2688360,랩/힙합,"And July (Feat. DEAN, DJ Friz)"
943464,R&B/Soul,I Need A Girl (Feat. G-dragon)
10331499,"발라드, 인디음악",조금 취했어 (Prod. 2soo)
2291053,발라드,세 사람 (With 성시경)
763251,댄스,원더우먼
10163578,"댄스, 발라드",LATATA
10452351,"댄스, 발라드",마리아 (Maria)
10460544,발라드,거짓말이라도 해서 널 보고싶어
10337665,발라드,새 사랑
10452354,댄스,보라빛 밤 (pporappippam)
2653573,R&B/Soul,우주를 건너
779656,"댄스, 발라드",Oh!
10044814,"댄스, 발라드, R&B/Soul",얼굴 찌푸리지 말아요
1150353,"발라드, 록/메탈",하루하루
50578,발라드,살다가
10067347,"발라드, R&B/Soul",LONELY
2692501,R&B/Soul,비
10243480,발라드,초록빛
10302879,발라드,헤어져줘서 고마워
10102177,발라드,가을 안부
2256290,"발라드, 댄스",너의 의미 (Feat. 김창완)
2313635,"댄스, 발라드",Ah Yeah
2321827,"댄스, R&B/Soul, 발라드",LOVE ME RIGHT
1017253,"댄스, 발라드",Go Away
10073513,발라드,좋니
10005930,발라드,내 옆에 그대인 걸
2639273,댄스,Dumb Dumb
2196906,R&B/Soul,갖고놀래 (Feat. 다이나믹 듀오)
10325421,발라드,헤어지자 (Prod. 정키)
2012587,발라드,Hello
1273259,발라드,Lonely
10923444,"발라드, 성인가요/트로트, 포크/블루스, 랩/힙합, 록/메탈, 재즈",우리들의 블루스
2336184,랩/힙합,겁 (Feat. 태양)
10667450,댄스,DUMB DUMB
10110396,"발라드, 국내드라마",My Way
10290621,발라드,사랑이 식었다고 말해도 돼
2696637,랩/힙합,Day Day (Feat. 박재범) (Prod. by GRAY)
10816959,발라드,취중고백
2282942,R&B/Soul,양화대교
2280892,랩/힙합,독기
1306051,"댄스, 발라드",Hot Summer
10227145,발라드,너도 그냥 날 놓아주면 돼
1263051,댄스,Ma Boy (마보이)
802252,"댄스, 발라드",루팡 (Lupin)
959951,"국내드라마, 발라드",그 사람
10132945,랩/힙합,사랑을 했다 (LOVE SCENARIO)
2270673,"발라드, 국내드라마",괜찮아 사랑이야
10399190,"랩/힙합, 인디음악",어떻게 지내 (Prod. By VAN.C)
10128855,댄스,주인공
2026966,"발라드, 록/메탈",서쪽 하늘
861656,"댄스, 발라드",Without U
10214874,"발라드, 국내드라마",내 생에 아름다운
2708957,"발라드, 댄스",내가 저지른 사랑
10100191,"포크/블루스, 인디음악",썸 탈꺼야
2659810,랩/힙합,또 하루 (Feat. 개코)
814562,댄스,Shock
2657764,"국내드라마, 발라드",함께
10112486,"댄스, R&B/Soul, 발라드, 랩/힙합",피카부 (Peek-A-Boo)
2213351,"국내드라마, 발라드",눈물이 맘을 훔쳐서
882152,"발라드, 댄스",이별이 온다
10294763,발라드,솔직하게 말해서 나
10237420,발라드,그때가 좋았어
11011565,"댄스, R&B/Soul",Hype boy
2031086,발라드,죽고 싶단 말 밖에
2278895,랩/힙합,연결고리#힙합
2072048,"발라드, 록/메탈",지독하게
10147314,R&B/Soul,꽃 길
2692594,"댄스, 발라드, R&B/Soul",I Like That
2182643,"록/메탈, 댄스, 발라드, 일렉트로니카",Bad Girls
843252,"국내드라마, 발라드, 댄스, 록/메탈",너 아니면 안돼
2149881,"댄스, 발라드",립스틱 (LIPSTICK)
10909179,댄스,LOVE DIVE
2043387,"발라드, 댄스",Trouble Maker
1312258,"댄스, 발라드",Hands Up
744962,댄스,우리 사랑하게 됐어요.
2674195,댄스,같은 곳에서
2307604,랩/힙합,슈퍼스타 (Prod. by D.O)
10124822,댄스,뿜뿜
10145303,"발라드, 댄스, R&B/Soul",별이 빛나는 밤
2301463,"댄스, 랩/힙합, 발라드",미쳐
880151,"댄스, 발라드",시간아 멈춰라
2328091,댄스,PARTY
2147867,"랩/힙합, 댄스, 발라드",크레용 (Crayon)
10327581,"인디음악, 록/메탈",워커홀릭
10880544,발라드,듣고 싶을까
10309152,"국내드라마, 발라드",나의 어깨에 기대어요
10972706,"댄스, 발라드",도깨비불 (Illusion)
10001952,발라드,숨
10294820,랩/힙합,19금 BAND
10434085,발라드,취했나봐
2672163,"발라드, 국내드라마",You Are My Everything
2674213,록/메탈,사랑에 빠졌죠 (당신만이)
2172455,랩/힙합,눈물샤워 (Feat. 에일리)
943653,댄스,고백하던 날
10479150,댄스,Dynamite
10372655,"국내드라마, 발라드",너를 사랑하고 있어
10305070,"발라드, 인디음악",인사
2696751,"댄스, 발라드",너 그리고 나 (NAVILLERA)
2172462,록/메탈,I'm Sorry
2211378,발라드,촌스럽게 왜 이래 (You Don't Know Love)
2123313,댄스,나쁜놈 (Feat. 소야)
10475061,댄스,When We Disco (Duet with 선미)
2131509,댄스,Loving U (러빙유)
1211952,댄스,반짝반짝
1168952,"발라드, 댄스",내꺼중에 최고
10880569,"국내드라마, 랩/힙합",존재만으로
10153531,랩/힙합,바코드 (Prod. GroovyRoom)
968252,"랩/힙합, 댄스",19금 나 이런사람이야
814651,랩/힙합,주변인
10085951,"댄스, 발라드",에너제틱 (Energetic)
1324851,"댄스, 발라드",Bubble Pop!
2195252,랩/힙합,아는사람 얘기
10022709,"랩/힙합, 발라드, 댄스, 록/메탈, 포크/블루스",에라 모르겠다
2117429,"댄스, 발라드",Twinkle
10264375,록/메탈,노래방에서
911358,발라드,잔소리 (With 2AM 슬옹)
10467129,댄스,그 여름을 틀어줘
2008890,발라드,안녕이라고 말하지마
911359,랩/힙합,땡땡땡
966451,"댄스, 발라드",Lucifer
816957,발라드,배운게 사랑이라
2703168,랩/힙합,휘파람
2021189,"발라드, 댄스",정류장
10057543,"R&B/Soul, 발라드, 포크/블루스, 재즈, 애시드/퓨전/팝",Lonely (Feat. 태연)
1294153,발라드,살다가 한번쯤
10241866,랩/힙합,띵 (Prod. By 기리보이)
2176844,발라드,거북이
10405712,"국내드라마, 발라드",좋은 사람 있으면 소개시켜줘
10035026,"R&B/Soul, 댄스, 발라드",Rookie
10035027,R&B/Soul,노래
2058067,"댄스, 발라드",Lovey-Dovey
10559322,발라드,고백 (바른연애 길잡이 X 허각)
2320218,"국내드라마, 발라드, 록/메탈, 댄스, 포크/블루스",사랑의 시작은 고백에서부터
2150236,발라드,아프다
10610525,발라드,다정히 내 이름을 부르면
960351,"발라드, 댄스",꺼져 줄게 잘 살아 (Feat. 용준형)
10100577,R&B/Soul,밤이 되니까
10057570,"인디음악, 록/메탈",TOMBOY
1271651,댄스,이러쿵 저러쿵
2670437,댄스,야 하고 싶어 (Feat. 시우민 of EXO)
2195303,"댄스, 발라드",으르렁 (Growl)
2152296,발라드,이러지마 제발 (Please Don't...)
10262378,"R&B/Soul, 포크/블루스, 재즈, 애시드/퓨전/팝",그건 아마 우리의 잘못은 아닐 거야
2664299,"발라드, 록/메탈",어디에도
2260842,"댄스, 발라드",Good Luck
10385262,"국내드라마, 록/메탈",돌덩이
10221424,랩/힙합,SOLO
10024816,"인디음악, 포크/블루스",좋다고 말해
2676594,"발라드, 국내드라마",사랑하자
2170744,"댄스, 발라드",I Got A Boy
1142651,"발라드, 댄스",잘 된 일이야
10215293,발라드,아름답고도 아프구나
2262912,발라드,오늘부터 1일 (Day 1)
941952,댄스,Bad Girl Good Girl
10102658,"발라드, 댄스, R&B/Soul",그리워하다
1040256,록/메탈,본능적으로 (Feat. Swings)
2228106,"발라드, 국내드라마",안녕
2146186,"댄스, 발라드",Pandora
10823566,"국내드라마, 발라드",Christmas Tree
10631055,댄스,치맛바람 (Chi Mat Ba Ram)
2254734,"댄스, 발라드",중독 (Overdose)
10006417,R&B/Soul,어떻게 지내
2307986,랩/힙합,The Time Goes On
2025363,랩/힙합,"Get It In (Feat. Tiger JK, 정인) (Korean Ver.)"
10842005,발라드,호랑수월가
2639766,"댄스, 발라드",Ah-Choo
10362776,R&B/Soul,Square (2017)
10207131,발라드,사랑에 연습이 있었다면 (Prod. 2soo)
2307996,"댄스, 발라드",Apple (Feat. 박재범)
2234269,록/메탈,Can't Stop
817052,"발라드, 댄스",Bubble Love
10176415,"댄스, 랩/힙합, R&B/Soul",뚜두뚜두 (DDU-DU DDU-DU)
2152351,랩/힙합,춥다 (Feat. 이하이)
10416034,발라드,사실 나는 (Feat.전건호)
978853,"댄스, 발라드",Hurricane Venus
10295207,랩/힙합,"아퍼 (Feat. Kid Milli, Lil tachi, 김승민, NO:EL, C JAMM)"
876456,"R&B/Soul, 발라드",남자라서
2299818,랩/힙합,팔베개 (Feat. 기현) (Pillow)
884652,록/메탈,Love
2006957,"댄스, 발라드",So Cool (쏘쿨)
2121646,"발라드, 댄스",하루 끝
2705328,발라드,If You
2064311,댄스,베짱이 찬가
10325945,발라드,가을밤 떠난 너
2224057,"발라드, 록/메탈",그대가 분다
1093562,"발라드, 댄스",좋은 날
2678718,R&B/Soul,Toy
2674623,R&B/Soul,D (half moon) (Feat. 개코)
2310080,랩/힙합,19금 Puss (Prod.by 라이머)
2213824,"발라드, 국내드라마",너에게
2181061,발라드,오늘 밤 (Feat. 배치기)
10033099,랩/힙합,기다렸다 가
10375118,랩/힙합,아무노래
10260433,R&B/Soul,봄 (feat. 산다라박)
10631122,"국내드라마, 록/메탈",비와 당신
2248659,발라드,봄 사랑 벚꽃 말고
2025426,발라드,친구잖아
2291669,랩/힙합,GOOD BOY
772051,발라드,못해 (Feat. 美)
1028051,"댄스, 발라드",숨
2183128,댄스,이름이 뭐예요?
2248665,랩/힙합,견딜만해 (Feat. 효린 Of 씨스타)
776152,"발라드, 댄스",죽어도 못 보내
2138075,"발라드, 댄스",Only One
10078176,"발라드, 인디음악",선물
10106853,발라드,지나오다
10137574,발라드,그때 헤어지면 돼
10508266,발라드,잠이 오질 않네요
10299371,"댄스, 발라드",Snapping
2224109,"댄스, 발라드",La Song
10498032,"댄스, 랩/힙합, R&B/Soul",Lovesick Girls
2019316,"발라드, 댄스",샹하이 로맨스 (上海之戀)
2652150,"국내드라마, 발라드",소녀
2283510,"발라드, 댄스",손대지마
2013176,"댄스, 발라드",Sixth Sense
2123770,랩/힙합,I 돈 Care (Feat. 서수민PD)
2277372,댄스,위아래
10276861,댄스,FANCY
10653694,"국내드라마, 발라드",좋아좋아
10897407,발라드,내가 아니라도
2138116,"댄스, 발라드",아름다운 밤이야
2082826,댄스,Touch
2187275,발라드,짧은머리
2277388,댄스,I Swear
2265100,발라드,I'm In Love
10258451,"포크/블루스, 인디음악",그러나
10053651,R&B/Soul,She's a Baby
2695189,랩/힙합,Forever (Prod. By GRAY)
2125847,"댄스, 발라드",MONSTER
10377241,"국내드라마, 발라드",어떤 날엔
2648091,"국내드라마, 록/메탈, 포크/블루스",청춘 (Feat. 김창완)
2025499,발라드,그 남자 그 여자
2332701,랩/힙합,19금 거북선 (Feat. 팔로알토)
2236445,"일렉트로니카, R&B/Soul",Come Back Home
10162211,"발라드, 인디음악",욕심
10324004,발라드,다시 만날까 봐
2191397,"댄스, 발라드",NoNoNo
10735654,"국내드라마, 발라드",사랑은 늘 도망가
10827816,"발라드, 포크/블루스",드라마
10469416,랩/힙합,눈누난나 (NUNU NANA)
10975276,"발라드, 인디음악",해요 (2022)
2170926,발라드,혼자라고 생각말기 (슈퍼스타 K5 송희진 오디션 참가곡)
1030195,랩/힙합,그땐 그땐 그땐
10111029,"댄스, 발라드",Beautiful
1228854,"발라드, 록/메탈",제발
2148411,발라드,홀로 (Feat. 김나영)
1011772,랩/힙합,왜
10459197,댄스,여름 안에서 by 싹쓰리 (Feat. 황광희)
2115647,랩/힙합,"씨스루 (Feat. 개코, Zion.T)"
10311752,"국내드라마, 발라드",내 맘을 볼 수 있나요
2097226,록/메탈,벚꽃 엔딩
10051659,"발라드, 댄스",REALLY REALLY
1044555,랩/힙합,Right Now
2332752,"댄스, 발라드",I Feel You
2709585,"댄스, 발라드, 일렉트로니카",러시안 룰렛 (Russian Roulette)
2271317,랩/힙합,19금 Body Language (Feat. 범키)
2119766,발라드,She's Gone
2089047,랩/힙합,자니 (Feat. Dynamic Duo)
2199646,"댄스, 발라드",예뻐 예뻐
2312287,"국내드라마, 발라드, 랩/힙합",우연히 봄
2197599,댄스,24시간이 모자라
2173025,발라드,신촌을 못가
2072673,"발라드, 댄스",내가 노래를 못해도
2125923,랩/힙합,안좋을때 들으면 더 안좋은 노래
2660454,R&B/Soul,니가 하면 로맨스 (Feat. 다비치)
10903658,"R&B/Soul, 인디음악",아무래도 난
2121835,"댄스, 발라드",목소리 (Feat. 개리 Of 리쌍)
1286252,"발라드, 국내드라마",내 손을 잡아
2115691,"R&B/Soul, 발라드, 댄스",너뿐이야 (You're The One)
876652,"댄스, 발라드",NU 예삐오 (NU ABO)
880751,발라드,사랑해 U
2191473,발라드,오늘따라 보고싶어서 그래
10115186,발라드,그날처럼
10614899,"발라드, R&B/Soul, 록/메탈",안녕 (Hello)
2107508,"댄스, 발라드",나혼자 (Alone)
2123894,"댄스, 발라드",추격자
2306170,"인디음악, 포크/블루스",오빠야
10219644,발라드,신용재
10029181,"발라드, 국내드라마",첫눈처럼 너에게 가겠다
10127486,"인디음악, 포크/블루스",#첫사랑
1302654,발라드,끝사랑
10680450,"댄스, R&B/Soul",Queendom
10377346,랩/힙합,ON
2183300,랩/힙합,Wash Away (Feat. 에일리)
2093190,댄스,LOVE DAY
2017426,"댄스, 발라드",The Boys
2676884,"인디음악, 포크/블루스",봄이 좋냐??
987954,발라드,웃음만..
10645654,댄스,Weekend
2011288,발라드,난 좋아
10346650,록/메탈,Blueming
2680986,"인디음악, 포크/블루스",심술
768154,록/메탈,외톨이야
1028251,"댄스, 발라드",Breathe
10156195,"댄스, 발라드",What is Love?
10018979,발라드,이 바보야
2224293,발라드,노래가 늘었어
10145963,"랩/힙합, R&B/Soul",Jenga (Feat. Gaeko)
2175147,"발라드, 국내드라마",모르시나요
10158254,랩/힙합,붕붕 (Feat. 식케이) (Prod. GroovyRoom)
2058415,랩/힙합,거기서거기 (Without You)
2148527,댄스,SEXY LOVE
2197684,"국내드라마, 발라드",미치게 만들어
1001652,록/메탈,사랑사랑사랑
10043575,"댄스, R&B/Soul",롤린 (Rollin')
2232505,"발라드, 국내드라마",너의 모든 순간
10604729,댄스,Dun Dun Dance
2183355,발라드,꼭 한번 만나고 싶다
2017466,"록/메탈, 발라드, R&B/Soul",동경소녀
2316478,랩/힙합,LOSER
10408131,발라드,처음처럼
2259140,R&B/Soul,"눈, 코, 입"
10105030,랩/힙합,연애소설 (Feat. 아이유)
2246854,"댄스, 발라드",Mr. Chu (On Stage)
2187466,R&B/Soul,미친연애 (Bad Girl) (Feat. E-Sens Of 슈프림팀)
2324685,"댄스, 발라드",음오아예 (Um Oh Ah Yeh)
10784974,랩/힙합,리무진 (Feat. MINO) (Prod. GRAY)
2193615,"댄스, 발라드",Shadow (그림자)
1337552,발라드,남자니까 웃는거야
727252,"댄스, 발라드",처음처럼
2244822,발라드,야생화
10096855,"발라드, 포크/블루스, 댄스",가을 아침
2670807,발라드,봄인가 봐 (Spring Love)
2224342,"댄스, 발라드",Something
2285785,"발라드, 댄스",12시 30분
10059997,발라드,미치고 싶다
2334942,랩/힙합,오빠차
2224353,발라드,바람이 불었으면 좋겠어
10268898,"인디음악, 포크/블루스","나만, 봄"
10297571,발라드,술이 문제야
10012900,"댄스, 발라드, R&B/Soul",Decalcomanie (데칼코마니)
10004707,"랩/힙합, R&B/Soul",피 땀 눈물
2214116,"댄스, 록/메탈, 발라드, R&B/Soul, 일렉트로니카",해볼라고
2250983,R&B/Soul,티가 나나봐
841954,"발라드, 댄스",널 붙잡을 노래
10250473,댄스,달라달라
10107114,"댄스, 발라드",LIKEY
2271467,발라드,Marry Me
2705644,"국내드라마, 발라드, R&B/Soul",너를 위해
2664685,R&B/Soul,I Miss You
2255086,발라드,미운오리새끼
10168559,랩/힙합,FAKE LOVE
2009327,"댄스, 발라드",STEP
2148596,"포크/블루스, 인디음악",오래된 노래
10027253,"발라드, 국내드라마",I Miss You
2255094,댄스,Good-night Kiss
870651,발라드,이 거지같은 말 (With 정엽 Of 브라운 아이드 소울)
2644221,R&B/Soul,No Make Up
10205438,발라드,우리 그만하자
10205439,발라드,가을 타나 봐
10580227,랩/힙합,"사이렌 Remix (Feat. UNEDUCATED KID, Paul Blanco)"
10041603,"댄스, 발라드",MOVIE
10336518,"발라드, 인디음악",있어줘요
1292552,"댄스, 발라드",Midnight Circus
2646282,"발라드, 댄스",스물셋
10348811,발라드,늦은 밤 너의 집 앞 골목길에서
2679051,"발라드, 국내드라마",How Can I Love You
1143054,랩/힙합,톡톡 (Tok Tok) (Feat. SOYA)
10731792,댄스,Savage
2291986,"댄스, 발라드",LUV
2165012,R&B/Soul,"1,2,3,4 (원,투,쓰리,포)"
2640151,"랩/힙합, R&B/Soul",취향저격
10426648,록/메탈,에잇(Prod.&Feat. SUGA of BTS)
10008861,"댄스, 발라드",TT
10412319,성인가요/트로트,이제 나만 믿어요
2165024,발라드,"Officially Missing You, Too"
2294058,발라드,사랑에 빠지고 싶다
399659,발라드,Timeless
2226474,랩/힙합,19금 조금 이따 샤워해 (Feat. Crush)
2183466,"발라드, 댄스",YooHoo (유후)
809262,"댄스, 발라드",너 때문에 미쳐
10412335,"국내드라마, 발라드",화려하지 않은 고백
2244913,"발라드, 록/메탈",그 중에 그대를 만나
2126130,랩/힙합,굿모닝 (Feat. 권정열 Of 10cm)
1030451,댄스,돌이킬 수 없는
10979636,"랩/힙합, 댄스, R&B/Soul",Yet To Come
2181431,댄스,GENTLEMAN
10600760,"랩/힙합, 댄스",마.피.아. In the morning
10006841,댄스,너무너무너무
2177337,R&B/Soul,Rose
10903868,"록/메탈, 발라드, R&B/Soul",사건의 지평선
2036032,록/메탈,서울사람들
889152,"발라드, 댄스",다시 와주라
1290562,"발라드, 댄스",별빛달빛
2009410,랩/힙합,좋아보여 (Feat. 검정치마)
10080589,"댄스, 발라드, 랩/힙합, R&B/Soul, 일렉트로니카",Ko Ko Bop
10436942,"국내드라마, 발라드","너에게 난, 나에게 넌"
2320721,"인디음악, 록/메탈",와리가리
2648403,랩/힙합,Boys And Girls (Feat. Babylon)
10285396,"댄스, 발라드, 랩/힙합, 록/메탈",AH YEAH (아예)
10359126,"발라드, 인디음악",너의 번호를 누르고 (Prod. 영화처럼)
10074454,"랩/힙합, R&B/Soul",비도 오고 그래서 (Feat. 신용재)
2267478,댄스,"명수네 떡볶이 (Feat. 김예림, UL)"
10391899,성인가요/트로트,어느 60대 노부부이야기
10062172,"댄스, 발라드",SIGNAL
2668891,발라드,공감 (Feat. 서영은)
1311069,발라드,그 입술을 막아본다
2703714,랩/힙합,puzzle
2128226,랩/힙합,충분히 예뻐 (feat. 산체스 Of 팬텀)
2330981,댄스,오늘부터 우리는 (Me Gustas Tu)
2128229,록/메탈,정말로 사랑한다면
10160487,발라드,주지마
10115433,R&B/Soul,기억의 빈자리
2300266,발라드,슬픔 속에 그댈 지워야만 해
11000171,"발라드, 댄스, R&B/Soul",그때 그 순간 그대로 (그그그)
10203500,R&B/Soul,헤어지는 중
2660715,R&B/Soul,Dream (Prod. by 박근태)
2298221,랩/힙합,화 (Feat. 진실 Of Mad Soul Child) (Fire)
10209647,랩/힙합,Good Day (Feat. 팔로알토) (Prod. 코드 쿤스트)
10463600,발라드,취기를 빌려 (취향저격 그녀 X 산들)
1339753,"발라드, 댄스",내꺼하자
2249074,"발라드, 댄스, 록/메탈",인연
2683252,"포크/블루스, 댄스, 발라드",RE-BYE
2189686,댄스,빠빠빠
10123639,R&B/Soul,미안해
2242936,랩/힙합,감아 (Feat. Crush)
10187129,"댄스, R&B/Soul","셋 셀테니 (1, 2, 3!)"
10871162,"국내드라마, 발라드",사랑인가 봐
10359162,랩/힙합,METEOR
10260858,"록/메탈, 인디음악",주저하는 연인들을 위해
10918269,랩/힙합,ZOOM
1356152,"댄스, 발라드",UGLY
2685311,랩/힙합,자격지심 (Feat. 은하 Of 여자친구)
2695552,댄스,Why So Lonely
741758,발라드,술 한잔 해요
10074500,"댄스, 발라드",FIVE
2201988,발라드,나란놈이란
10068359,댄스,NEVER
10027400,"발라드, 국내드라마",첫 눈
11057545,발라드,Monologue
10529161,랩/힙합,"내일이 오면 (Feat. 기리보이, BIG Naughty (서동현))"
2187662,록/메탈,All Right
2187663,"발라드, 국내드라마",너 하나야
10381712,"국내드라마, 록/메탈",시작
2136463,댄스,I Love You
10047890,발라드,밤편지
10244499,발라드,신청곡 (Feat. SUGA of BTS)
2191762,랩/힙합,Falling In Love
10181013,"댄스, 발라드",1도 없어
2285974,랩/힙합,"화장 지웠어 (Feat. Zion.T, HA:TFELT) (No Make Up)"
1184151,댄스,TONIGHT
924053,"발라드, 댄스",마법소녀 (魔法少女)
2326937,"랩/힙합, 록/메탈, 포크/블루스",IF YOU
2277787,"발라드, 국내드라마, R&B/Soul",너를 사랑해
10359196,발라드,헤어진 우리가 지켜야 할 것들
2263452,댄스,애타는 마음
10359204,발라드,반만
10027428,랩/힙합,당신의 밤 (Feat. 오혁)
10926502,"인디음악, 포크/블루스, 발라드, 록/메탈",Love story
2249127,"포크/블루스, 댄스",200%
10097064,발라드,이 별
10281385,발라드,Goodbye
10613163,"발라드, 댄스",상상더하기
846251,"댄스, 발라드",Chitty Chitty Bang Bang (Feat. Ceejay Of Freshboyz)
790957,랩/힙합,가슴에 살아 (Feat. 나르샤 Of Brown Eyed Girls)
790959,발라드,아프니까 사랑이죠
2177021,발라드,어느 봄날
2263475,발라드,우산
2185652,"발라드, 국내드라마",잘 있나요
2290102,"발라드, 댄스",사뿐사뿐
2290103,R&B/Soul,나는 달라 (Feat. BOBBY)
1046966,"발라드, 댄스",전활 받지 않는 너에게
909755,발라드,사랑이라 쓰고 아픔이라 부른다
2687420,발라드,널 사랑하지 않아
2161086,발라드,귀여워 (With 권정열 Of 10cm)
2306498,랩/힙합,시작이 좋아 2015 (Prod. By 버벌진트)
1071555,발라드,그여자
2173383,발라드,모노드라마 (With 유승우)
2150856,R&B/Soul,바람기억
2302415,R&B/Soul,그냥 (Just)
10570193,랩/힙합,멜로디
2648529,"발라드, R&B/Soul",아마도 그건
2171346,발라드,싫다
2273749,"발라드, 댄스",공허해
10183127,"댄스, 발라드",Dance The Night Away
10097112,랩/힙합,DNA
2279896,"국내드라마, 발라드","묘해, 너와"
741853,"발라드, 록/메탈",오늘 헤어졌어요
1360352,"댄스, 발라드",Mr. Simple
2335204,"댄스, 발라드",Lion Heart
2161126,랩/힙합,"? (물음표) (Feat. 최자 Of 다이나믹듀오, Zion.T)"
10385896,"국내드라마, 발라드",둘만의 세상으로 가
10197480,랩/힙합,IDOL
2093546,"댄스, 발라드",Sherlock•셜록 (Clue + Note)
963051,댄스,Better Together
2314734,"발라드, 국내드라마",그 남잔 말야
10842611,"댄스, R&B/Soul",SMILEY (Feat. BIBI)
10226163,"랩/힙합, R&B/Soul",아낙네
10303989,R&B/Soul,We don't talk together (Feat. 기리보이) (Prod. SUGA)
2681333,댄스,CHEER UP
10265079,발라드,사계 (Four Seasons)
2697716,발라드,네 생각
2222587,"록/메탈, 댄스, 발라드",금요일에 만나요 (Feat. 장이정 Of HISTORY)
10111490,발라드,좋아
2701827,"포크/블루스, 인디음악",여름밤에 우린
2259461,댄스,헤어졌다 만났다
1196552,랩/힙합,Officially Missing You
10527241,발라드,혼술하고 싶은 밤
2333193,"랩/힙합, 댄스, 록/메탈, 포크/블루스",우리 사랑하지 말아요
2679308,랩/힙합,돌아오지마 (Feat. 용준형 Of 비스트)
10801677,발라드,눈이 오잖아(Feat.헤이즈)
944653,"댄스, 발라드",queen
10062351,"발라드, 국내드라마",처음부터 너와 나
10134032,"댄스, R&B/Soul, 발라드, 랩/힙합",Bad Boy
10129940,"댄스, 발라드",Roller Coaster
2705941,R&B/Soul,목요일 밤 (Feat. 빈지노)
2292246,랩/힙합,니가 모르게 (You Don't Know)
940564,"발라드, 댄스",시간이 지나면
1317401,댄스,Roly-Poly
10670618,"국내드라마, 발라드",비가 오는 날엔 (2021)
2304541,랩/힙합,19금 My Type (Prod. By 버벌진트)
2284064,발라드,이 소설의 끝을 다시 써보려 해
10566182,발라드,함께 했는데 이별은 나 혼자인 거야
2126375,댄스,Electric Shock
1339951,"댄스, 발라드",Good-bye Baby
10314289,"국내드라마, 발라드",기억해줘요 내 모든 날과 그때를
10156597,"댄스, R&B/Soul",花요일 (Blooming Day)
2150966,댄스,피어나
10312251,"댄스, 록/메탈",ICY
2173499,랩/힙합,눈물 (Feat. 유진 Of 더 씨야)
844351,"댄스, 발라드",Magic
2261569,댄스,단발머리 (Short Hair)
10259010,성인가요/트로트,오늘 밤에
2138690,발라드,가수가 된 이유
2669132,"국내드라마, 발라드",Everytime
10043982,발라드,부담이 돼 (Feat. 휘인 Of 마마무)
10609232,댄스,Next Level
10990161,"댄스, R&B/Soul, 발라드",POP!
10416723,"댄스, 발라드",덤더럼 (Dumhdurum)
10170965,댄스,빙글뱅글 (Bingle Bangle)
10267222,발라드,진심이 담긴 노래 (True Song)
10035799,"랩/힙합, 인디음악",우리집을 못 찾겠군요 (Feat. 볼빨간사춘기)
2189912,랩/힙합,비범벅 (Feat. 범키)
10189402,R&B/Soul,SoulMate (Feat. 아이유)
10590812,발라드,그냥 안아달란 말야
10283614,발라드,니 소식
10105438,발라드,눈 떠보니 이별이더라
821856,발라드,선물 (Feat. 은지원)
830051,"댄스, 발라드",Run Devil Run
2108004,"댄스, 발라드",Volume Up
10164839,"발라드, R&B/Soul",열애중
2177639,"댄스, 발라드",Crescendo (크레셴도)
2230890,R&B/Soul,썸 (Feat. 릴보이 Of 긱스)
2153066,"발라드, 록/메탈",말리꽃 (원곡가수 이승철)
10205805,"발라드, 댄스",하루도 그대를 사랑하지 않은 적이 없었다
10451566,댄스,How You Like That
2683503,R&B/Soul,우아해 (woo ah)
2251373,R&B/Soul,너를 원해 (Feat. Beenzino)
2230896,"발라드, 국내드라마",오늘 같은 눈물이
2226803,"댄스, 발라드",짧은 치마 (Miniskirt)
10320500,"국내드라마, 록/메탈",흔들리는 꽃들 속에서 네 샴푸향이 느껴진거야
2693749,랩/힙합,맘 편히 (Comfortable)
10648182,댄스,Permission to Dance
948853,"댄스, 발라드",삐리빠빠
10072696,댄스,마지막처럼
10250874,댄스,멍청이(twit)
10031741,R&B/Soul,행복한 척
2306686,랩/힙합,사랑 범벅 (Feat. 챈슬러 of the channels)
10089089,댄스,가시나
10175106,"댄스, 발라드, 랩/힙합, R&B/Soul, 일렉트로니카",너 없인 안 된다
2241157,"발라드, 댄스",흔한 노래
2153095,"발라드, 록/메탈, 댄스",먼지가 되어
2271880,댄스,예뻐졌다 (Feat. 지코 Of Block B)
2153096,"댄스, 발라드",남자 없이 잘 살아
10070673,발라드,매일 듣는 노래 (A Daily Song)
2290324,발라드,광화문에서 (At Gwanghwamun)
2646678,랩/힙합,19금 냉탕에 상어 (Feat. 블랙넛)
1190551,발라드,미친거니 (Feat. 방용국)
2024088,발라드,그리워 그리워
2310810,발라드,꽃이 핀다
10117789,"랩/힙합, 인디음악",Downtown Baby
10298014,발라드,포장마차
10539679,발라드,우린 어쩌다 헤어진 걸까
10447520,랩/힙합,OHAYO MY NIGHT
2319008,포크/블루스,마음
2093727,발라드,곰인형 (Feat. 해금)
2138790,발라드,남자도 우나요
10367659,발라드,"다시는 사랑하지 않고, 이별에 아파하기 싫어"
10150572,발라드,소나기 (Feat. 10cm)
2667181,"발라드, 국내드라마",ALWAYS
1254063,댄스,Don't Cry
1053361,발라드,가로수 그늘 아래 서면
2175668,댄스,Dream Girl
10326710,발라드,사랑이란 멜로는 없어
10136251,발라드,눈사람
2007739,랩/힙합,"19금 TV를 껐네... (Feat. t윤미래, 권정열 Of 10cm)"
10601149,랩/힙합,문득
2208448,"록/메탈, 댄스, 발라드",분홍신
2181825,록/메탈,Bounce
10078915,랩/힙합,Artist
10453701,랩/힙합,Summer Hate (Feat. 비)
10623687,"댄스, R&B/Soul",Alcohol-Free
10185416,댄스,너나 해 (Egotistic)
2269895,"댄스, 랩/힙합, 발라드",빨개요
10465994,R&B/Soul,홀로
2319050,"R&B/Soul, 댄스, 발라드",View
2093776,록/메탈,Hey You
10037969,"랩/힙합, 발라드",봄날
10402513,성인가요/트로트,찐이야
2173651,발라드,안녕 나야
10775252,랩/힙합,"회전목마 (Feat. Zion.T, 원슈타인) (Prod. Slom)"
2337492,랩/힙합,Okey Dokey
2284244,발라드,그게 나야
2153172,"댄스, 발라드",닐리리맘보
2038488,"인디음악, 록/메탈",안아줘
2323162,"국내드라마, 발라드, 랩/힙합",아프다
10238683,댄스,벌써 12시
2644698,"국내드라마, 발라드",모르나봐
1315551,댄스,내가 제일 잘 나가
10230497,발라드,180도
2112227,발라드,떠나간다
2020067,발라드,연애시대 (Feat. Ra.D) (Narr. 한효주)
2255589,R&B/Soul,너를 너를 너를
2249449,포크/블루스,너 사용법
2149100,발라드,니가 싫어
2077426,발라드,Heaven
2073331,댄스,난리나
2190068,"댄스, 발라드",여자 대통령
2015988,"발라드, 댄스",내가 이렇지 (Feat. 하동균)
10238710,"발라드, 록/메탈",넘쳐흘러
2176577,"발라드, 국내드라마",눈꽃
10131018,발라드,You
2211402,"발라드, 댄스",미스터리 (Feat. San E)
2283084,R&B/Soul,틈
10743373,랩/힙합,내 기쁨은 너가 벤틀리를 끄는 거야
1318477,댄스,랄랄라 (Feat. 소야)
10462799,댄스,다시 여기 바닷가
10470992,댄스,덤디덤디 (DUMDi DUMDi)
10270288,"랩/힙합, 록/메탈, 댄스",Kill This Love
2240082,댄스,까탈레나 (Catallena)
2258516,"국내드라마, 랩/힙합",나 왜이래 (Feat. 강민희 Of 미스에스)
1197653,발라드,가슴이 뛴다
10061398,댄스,맞지?
10055259,댄스,BLUE MOON (Prod. GroovyRoom)
10309213,"국내드라마, 발라드",그대라는 시
2076258,발라드,생각날거야
10008163,R&B/Soul,"All I Wanna Do (K) (Feat. Hoody, Loco)"
10505830,댄스,딩가딩가 (Dingga)
1166956,"인디음악, 포크/블루스",사랑은 은하수 다방에서
2313837,"댄스, 발라드",품행제로
2645617,"댄스, 발라드",OOH-AHH하게
2029169,발라드,클렌징크림
10149492,"발라드, 국내드라마","모든 날, 모든 순간 (Every day, Every Moment)"
2033270,"댄스, 발라드",Cry Cry
2190970,랩/힙합,BAAAM (Feat. Muzie Of UV)
1085053,댄스,니까짓게
10374783,"국내드라마, 발라드","다시 난, 여기"
1195654,록/메탈,직감
2182792,"국내드라마, 록/메탈",I Love You
2188937,"발라드, 록/메탈",My Love
892553,"댄스, 발라드",Y
10069644,"랩/힙합, R&B/Soul","무제(無題) (Untitled, 2014)"
2320014,랩/힙합,19금 몸매 (MOMMAE) (Feat. Ugly Duck)
1123990,댄스,Supa Dupa Diva
2268823,"발라드, 국내드라마",최고의 행운
2199192,랩/힙합,삐딱하게 (Crooked)
10743453,록/메탈,strawberry moon
10344095,랩/힙합,"인기 (Feat. 송가인, 챈슬러)"
10122917,"발라드, R&B/Soul",Universe
2653861,"댄스, 발라드",DADDY (Feat. CL of 2NE1)
2225831,"댄스, 발라드",Lonely (없구나)
2698920,랩/힙합,아름다워
2711209,댄스,Dancing King
1173161,발라드,나만 몰랐던 이야기
1283751,"발라드, R&B/Soul, 록/메탈",나와 같다면 (김장훈)
10573486,댄스,"LOVE DAY (2021) (바른연애 길잡이 X 양요섭, 정은지)"
10217134,발라드,너를 만나
1031855,"발라드, 국내드라마",죽어도 사랑해
10122929,R&B/Soul,instagram
2250420,"R&B/Soul, 발라드",요즘 바쁜가봐
10108597,R&B/Soul,"그때의 나, 그때의 우리"
376502,"발라드, 댄스",라라라
10077879,"댄스, 발라드",빨간 맛 (Red Flavor)
10960568,발라드,늦은 밤 헤어지긴 너무 아쉬워
11034298,댄스,After LIKE
2707131,"인디음악, 포크/블루스",우주를 줄게
997052,댄스,A
10440381,발라드,사랑은 지날수록 더욱 선명하게 남아
10073791,"댄스, R&B/Soul",나로 말할 것 같으면 (Yes I am)
2303679,R&B/Soul,사랑은 미친짓 (Feat. 칸토 of 트로이)
10925762,R&B/Soul,정이라고 하자 (Feat. 10CM)
2105027,발라드,나를 사랑했던 사람아
10798794,댄스,ELEVEN
2125515,"댄스, 발라드",Like this
10536658,랩/힙합,"CREDIT (Feat. 염따, 기리보이, Zion.T)"
2299602,"발라드, 국내드라마, 랩/힙합",환청 (Feat. 나쑈 (NaShow))
10170069,"록/메탈, 인디음악",여행
765653,발라드,해바라기 (FEAT. 써니사이드 MJ)
2264792,발라드,이제 그만 싸우자
10518234,발라드,밤하늘의 별을(2020)
935651,랩/힙합,죽을 만큼 아파서 (Feat. 멜로우)
2334436,랩/힙합,사이먼 도미닉
2150120,"댄스, 발라드",POISON
892654,댄스,2 Different Tears
896751,"댄스, 발라드",HUH
2680573,"랩/힙합, 댄스, 발라드",불타오르네 (FIRE)
2019070,"발라드, 댄스, 록/메탈",Open Arms (Journey) (Feat. 크리스티나)
2285311,발라드,시간과 낙엽
2053887,발라드,우리 사랑했잖아
2123522,댄스,아름다운 밤
10612483,댄스,Butter
10200838,댄스,사이렌 (Siren)
2694921,댄스,Shut Up (Feat. 유희열)
1003278,"댄스, 발라드",가식걸
10995477,"포크/블루스, 인디음악",그라데이션
10268441,발라드,사월이 지나면 우리 헤어져요 (Beautiful goodbye)
10661658,"록/메탈, 댄스, R&B/Soul",낙하 (with 아이유)
890651,발라드,별이될께
26396,R&B/Soul,친구라도 될 걸 그랬어
2643740,"록/메탈, 발라드, R&B/Soul",I (Feat. 버벌진트)
10219296,발라드,너는 어땠을까
10389281,"댄스, 발라드",FIESTA
10219298,"댄스, 발라드",YES or YES
10114851,발라드,바보야
10331947,"발라드, 록/메탈, 포크/블루스","어떻게 이별까지 사랑하겠어, 널 사랑하는 거지"
10118955,"댄스, 발라드",Heart Shaker
2222076,"랩/힙합, 인디음악","Dali, Van, Picasso"
10020654,"국내드라마, 발라드, 랩/힙합",Stay With Me
10020656,R&B/Soul,저 별
911357,"댄스, 발라드",Push Push (푸시 푸시)
28985,발라드,희재
328396,발라드,거리에서
352046,발라드,사랑의 인사
2168409,발라드,크리스마스니까
320278,발라드,그녀를 사랑해줘요
34289,발라드,...사랑했잖아...
5504,발라드,다시 사랑한다 말할까
333687,발라드,기다리다
2138,발라드,내게 오는 길
753752,발라드,술 한잔 해요
2148020,발라드,All For You
315848,발라드,사랑 안해
31482,발라드,소주 한 잔
22287,발라드,One Love
27516,발라드,체념
718893,발라드,잊지말아요
2318247,발라드,Madeleine Love
14861,발라드,아로하
343653,발라드,추억은 사랑을 닮아
43737,발라드,행복하지 말아요
4712,발라드,기억의 습작
26260,발라드,보고 싶다
5422,발라드,여전히 아름다운지
301311,발라드,두사람
314287,발라드,그 남자 그 여자 (Feat. 장혜진)
16541,발라드,넌 감동이었어
346951,발라드,감사
514852,발라드,심장이 없어
2835,발라드,화장을 고치고
328069,발라드,까만안경 (Feat. Day Light)
362767,발라드,미친 사랑의 노래
470451,발라드,사랑은...향기를 남기고
34984,발라드,삭제
343998,발라드,미인 (美人)
35529,발라드,나였으면
344501,발라드,같은 베개...
663561,발라드,사랑한 후에
300617,발라드,사랑인걸
22279,발라드,낙원 (Feat. 이재훈)
714152,발라드,그립고 그립고 그립다
865853,발라드,그대를 사랑하는 10가지 이유
790653,발라드,밤하늘의 별을... (With KCM & No Noo)
30724,발라드,사랑합니다...
2122186,발라드,가질수 없는 너
47645,발라드,꽃피는 봄이오면
2282532,발라드,너무 보고싶어
313823,발라드,전부 너였다
307288,발라드,세글자 (드라마 '루루공주' 김정은 메인 테마)
4715,발라드,취중진담(醉中眞談)
2223585,발라드,너에게
312880,발라드,Perhaps Love (사랑인가요)
412157,발라드,총맞은것처럼
13611,발라드,Heaven
2343,발라드,좋은 사람 (Feat. 김형중)
16706,발라드,좋은사람
386400,발라드,가지마 가지마
2258502,발라드,잊혀지다 (Feat. 양다일)
1058352,발라드,별이될께
5325,발라드,I Love You
367137,발라드,미워도 사랑하니까
344636,발라드,이럴거면
650256,발라드,사랑비
374973,발라드,발자국
361987,발라드,보고싶은 날엔..
393851,발라드,슬픔활용법
554652,발라드,그런 사람 또 없습니다
1149851,발라드,너는 나의 봄이다
7720,발라드,내 입술... 따뜻한 커피처럼
16456,발라드,꿈에
35501,발라드,날 그만 잊어요
45034,발라드,바람이 분다
397893,발라드,들리나요...
2006804,발라드,기다릴게
303224,발라드,가슴 아파도
361532,발라드,그녀를 찾아주세요
8848,발라드,길
303264,발라드,인연
382892,발라드,안녕 나의 사랑
666,발라드,날 닮은 너
583952,발라드,잘가요 내사랑
6615,발라드,늦은 후회
51,발라드,너를 위해
33583,발라드,이별택시
348880,발라드,가슴아 그만해
529655,발라드,러브119 (Feat. MC몽)
311401,발라드,말리꽃
332407,발라드,바람만바람만
945658,발라드,내가 너의 곁에 잠시 살았다는 걸
359267,발라드,한번 더 이별
382202,발라드,내 눈물 모아
645451,발라드,중독된 사랑
26626,발라드,그랬나봐
514854,발라드,오랜만이야
314286,발라드,여인의 향기
6036,발라드,잘가요
711178,발라드,다시 사랑 할 수 있을까 (Feat. 다비치)
301021,발라드,안부 (Duet With 나윤권)
33362,발라드,사랑의 時(시)
463151,발라드,내 머리가 나빠서
798856,발라드,소주한잔
515053,발라드,그런가봐요
2161110,발라드,사랑은 눈꽃처럼
15800,발라드,사랑은 언제나 목마르다
1044551,발라드,해바라기
2152366,발라드,오늘은 가지마
2032009,발라드,"가슴으로 운다 (Ver.III 제이세라, 아이린)"
717,발라드,거짓말
2219671,발라드,12월의 기적 (Miracles In December)
2182228,발라드,모르시나요
1086280,발라드,부디
336050,발라드,별
2203929,발라드,Touch Love
508460,발라드,사고쳤어요
353752,발라드,물론
31903,발라드,Don't Cry
16693,발라드,라라라
34958,발라드,한 남자
309799,발라드,이런 남자
348448,발라드,회상 (December)
35465,발라드,흑백사진
303280,발라드,나비무덤
366933,발라드,오래된 노래
2276102,발라드,최고의 행운
335460,발라드,잔소리
3731,발라드,내사랑 내곁에 (응답하라 1988 삽입곡)
15950,발라드,미워도 다시 한번 (Original Ver.)
371259,발라드,To Heaven (천국으로 보낸 편지)
2215349,발라드,거짓말 거짓말 거짓말
571951,발라드,울어
309042,발라드,애인 있어요
2187253,발라드,나비소녀 (Don't Go)
350016,발라드,다행이다
1306662,발라드,나를 잊지 말아요
35494,발라드,휠릴리
308642,발라드,기대
2185508,발라드,눈꽃
2236069,발라드,My Destiny
515751,발라드,헤어지는 중입니다
2222589,발라드,1월부터 6월까지
546853,발라드,미아
310479,발라드,사랑은 아프려고 하는 거죠
3707,발라드,아름다운 이별
2175192,발라드,가족사진
5288,발라드,사랑해 그리고 기억해
31553,발라드,옛사랑
375797,발라드,바보에게... 바보가
40225,발라드,소녀
304499,발라드,제자리 걸음
2654724,발라드,북두칠성
2217893,발라드,코끝에 겨울
313004,발라드,사랑한다는 흔한 말
1077154,발라드,언제나
331503,발라드,어떻게 사랑이 그래요
7874,발라드,영원
396318,발라드,사랑아 (Bonus Track)
888854,발라드,자기야 여보야 사랑아
1008770,발라드,여우비 (Main Theme)
34362,발라드,걸음이 느린 아이
2173934,발라드,지우개
15875,발라드,I Believe
458352,발라드,연애소설
1065,발라드,인형 (Duet 신혜성)
4801,발라드,아시나요
312206,발라드,면도
2213626,발라드,슬픈 혼잣말
2173634,발라드,혼자라고 생각말기 (슈퍼스타 K5 송희진 오디션 참가곡)
360899,발라드,대낮에 한 이별 (Feat. 선예 (Wonder Girls))
312918,발라드,Grace
2653515,발라드,혜화동 (혹은 쌍문동)
2075289,발라드,살기 위해서
312550,발라드,남과 여 (Feat.김범수)
4441,발라드,가로수 그늘아래 서면
43691,발라드,보통날
16370,발라드,Memories... (Smiling Tears)
2178438,발라드,녹는중 (Feat. 버벌진트)
4261,발라드,애송이의 사랑
1111,발라드,동경
346909,발라드,사랑이 다른 사랑으로 잊혀지네
344101,발라드,하루
898153,발라드,흩어져
34747,발라드,그녀가 웃잖아....
34771,발라드,그때 또 다시 (Again)
343446,발라드,가시리
2326467,발라드,괜찮아요
2203427,발라드,그대여
704452,발라드,사랑 참...
304251,발라드,서울의 달
34097,발라드,야상곡(夜想曲)
311276,발라드,가만히 눈을 감고 (CF - 교토 다원녹차)
305676,발라드,아버지
2066746,발라드,오늘은 가지마
28241,발라드,내 삶의 반
2288324,발라드,언제쯤이면 (Duet.아이유)
376290,발라드,고칠게
116,발라드,All For You
32949,발라드,차마...
1030216,발라드,빨래
744964,발라드,그대라서
398596,발라드,Baby Baby
389351,발라드,이노래
733756,발라드,돌아올순 없나요
2327,발라드,미안해요
2290262,발라드,펑펑
2310395,발라드,새벽 가로수길 (With 송유빈)
40246,발라드,사랑이 지나가면
358827,발라드,녹슨 가슴
542651,발라드,내사랑 울보
16677,발라드,그댄 행복에 살텐데
22940,발라드,감기
2883,발라드,원하고 원망하죠
32552,발라드,덩그러니
2216059,발라드,눈물이 맘을 훔쳐서
2015586,발라드,어제보다 슬픈 오늘
30395,발라드,친구 붕우 (朋友)
2166206,발라드,귀여워 (With 권정열 Of 10cm)
2148910,발라드,우리 사랑 이대로
2044729,발라드,말꼬리
2032026,발라드,사랑에 빠지고 싶다
368025,발라드,나비야
1065178,발라드,본능적으로 (Feat. Swings)
4382,발라드,오래전 그날
313335,발라드,하기 힘든 말
2252911,발라드,잊었니
2034109,발라드,Replay
7704,발라드,"사랑해, 이 말 밖엔..."
360022,발라드,사랑을 외치다
308368,발라드,취중고백
1085052,발라드,러브 레시피
397879,발라드,썸데이 (싱글파파는 열애중 OST 삽입곡)
1085903,발라드,이유
360999,발라드,처음 그 날처럼
2105006,발라드,Beautiful Day
5286,발라드,어머님께
1354854,발라드,사랑
349037,발라드,통증
2649785,발라드,안아보자
2117009,발라드,Happy Things
763457,발라드,낙인
810256,발라드,못된 여자 Ⅱ (With 서인영)
765757,발라드,첫사랑이죠
2233269,발라드,서약 (황금무지개 유이&정일우 러브테마)
326844,발라드,나 항상 그대를
342340,발라드,남자야
34418,발라드,그곳에 서서
4733,발라드,아름다운 날들
33475,발라드,선물
2180020,발라드,얼음꽃
507260,발라드,나는 그 사람이 아프다 (Feat. 타루)
304352,발라드,너에게 전하는 아홉가지 바램
345350,발라드,사랑... 후에
2190067,발라드,너 하나야
3151,발라드,편지
1147451,발라드,별처럼 (Duet With 태연 Of 소녀시대)
16430,발라드,미련한 사랑
2641976,발라드,가끔
1086158,발라드,울고 불고··· (With 4Men) (Bonus Track)
1030058,발라드,지나간다
704455,발라드,실화
40568,발라드,If I Leave (Classical English)
2238706,발라드,오늘 밤 (Feat. 배치기)
2753,발라드,기다리는 이유
531754,발라드,터질 것 같아
384260,발라드,사랑해요
398337,발라드,눈물은 모르게
999975,발라드,널 사랑한다
1244754,발라드,별 짓 다해봤는데
361331,발라드,오늘 서울은 하루종일 맑음 (Vocal 윤하)
1084553,발라드,죽어도 사랑해
2281924,발라드,Missing You
2178260,발라드,또 한 여잘 울렸어
322845,댄스,비행기
405351,댄스,거짓말 (Remix)
598055,댄스,I Don't Care
5457,댄스,Bus 안에서
4936,댄스,순정 (純情)
40234,댄스,아틀란티스 소녀 (Atlantis Princess)
43466,댄스,빙고 (아싸)
388456,댄스,사랑과 전쟁 (Narr. 하하)
322649,댄스,연예인
5280,댄스,Candy
397972,댄스,주문-MIROTIC (Clean Ver.)
357386,댄스,Tell me (Sampling From 'Two Of Hearts')
603751,댄스,Abracadabra
554262,댄스,영원한 사랑
5349,댄스,3!4!
635352,댄스,Heartbreaker
16305,댄스,No.1
3014,댄스,그녀와의 이별
389651,댄스,U-Go-Girl (With 낯선)
381932,댄스,So Hot
537052,댄스,Diva
4937,댄스,실연
4311,댄스,Poison
397434,댄스,어쩌다
316276,댄스,Tears
398026,댄스,Nobody
360075,댄스,Kissing You
5360,댄스,커플
3009,댄스,멍
362984,댄스,Love
15980,댄스,비몽
5428,댄스,뿌요 뿌요
1246881,댄스,일과 이분의 일
616053,댄스,미스터
16324,댄스,여름아! 부탁해
5184,댄스,애상
644652,댄스,Hot Issue
4314,댄스,Festival (인생은 아름다워)
709,댄스,파란
398193,댄스,칵테일 사랑
40235,댄스,니가 참 좋아
2643506,댄스,CLOSER
605351,댄스,냉면
628465,댄스,내 귀에 캔디 (Feat. 택연 Of 2PM)
5291,댄스,영원한 사랑
4556,댄스,와
3956,댄스,Dash
348469,댄스,White Love (스키장에서)
32463,댄스,10 Minutes
33571,댄스,Run To You
514152,댄스,"쏘리 쏘리 (Sorry, Sorry)"
308947,댄스,정 (위험한 이별)
524357,댄스,토요일밤에
3957,댄스,날 떠나지마
3248,댄스,내 남자 친구에게
432151,댄스,Pretty Girl
3259,댄스,DOC와 춤을
5284,댄스,행복
5210,댄스,꿍따리 샤바라
5405,댄스,('Cause) I'm Your Girl
691052,댄스,Ring Ding Dong
458355,댄스,힘 내! (Way To Go)
5355,댄스,"Tell Me, Tell Me"
5352,댄스,Sweety
703853,댄스,그 놈 목소리
2270252,댄스,행복 (Happiness)
707651,댄스,Sign
3270,댄스,여름이야기 (Sky Mix)
334568,댄스,섹시한 남자
368317,댄스,One More Time
5209,댄스,왜불러
2299776,댄스,유리구슬 (Glass Bead)
419953,댄스,U R Man
5285,댄스,빛 (Hope)
589178,댄스,결혼해 줄래 (Feat. BIZNIZ)
3884,댄스,이브의 경고
5302,댄스,말해줘
352905,댄스,오아시스 (Feat. 이재훈)
2639047,댄스,만세
711451,댄스,Heartbeat
304909,댄스,이여름  Summer
348449,댄스,Love Is... (3+3=0)
5343,댄스,날개 잃은 천사
2178881,댄스,Man In Love (남자가 사랑할때)
356834,댄스,키 작은 꼬마 이야기
33549,댄스,바다의 왕자
5407,댄스,너를 사랑해
397892,댄스,미쳤어 (Feat. 에릭)
328098,댄스,풍선 (Balloons)
32482,댄스,늑대와 함께 춤을
31126,댄스,비상
354444,댄스,Storm
388658,댄스,D.I.S.C.O  (Feat. TOP)
2173386,댄스,돌스 (Dolls)
348450,댄스,나 어릴 적 꿈
2291790,댄스,Piano Man
31132,댄스,김밥
5368,댄스,사나이 가는 길 (폼생폼사)
4246,댄스,으샤! 으샤!
646251,댄스,라차타 (LA chA TA)
3704,댄스,잠 못 드는 밤 비는 내리고
2209941,댄스,넘버나인 (No.9)
4324,댄스,배반의 장미
356031,댄스,"사랑해요 (Feat. V.O.S 김경록, 태인)"
2320582,댄스,아낀다
3965,댄스,Honey
332765,댄스,현명한 선택
2138516,댄스,달빛바다
2329647,댄스,Devil
3703,댄스,핑계
400252,댄스,My Style (Hidden Track)
3016,댄스,되돌아온 이별
2651328,댄스,Hot Pink
2654131,댄스,아로아로
947055,댄스,Blue Moon
35399,댄스,Brand New
5206,댄스,초련(初戀) (Techno Mix) (Feat. 윤진)
354447,댄스,말하자면
2138805,댄스,부산 바캉스
1068570,댄스,Beautiful
718505,댄스,마쉬멜로우
2176269,댄스,긴 생머리 그녀 (Miss Right)
300770,댄스,Super Star
5231,댄스,야야야
44462,댄스,둘이서 (CF - 빙그레 '바나나맛 우유')
2186438,댄스,열정(熱情)
814,댄스,오빠
16192,댄스,Perfect Man
417,댄스,Now
309,댄스,성인식
1246270,댄스,몰라요
5321,댄스,이별 공식
2318527,댄스,잘됐으면 좋겠다
3962,댄스,그녀는 예뻤다
2125061,댄스,잘자요 굿나잇
2293456,댄스,울면 안 돼
33131,댄스,왜이래
2198608,댄스,Tonight
394951,댄스,산소 같은 너 (Love Like Oxygen)
2306957,댄스,안녕 (Hi~)
2333883,댄스,잘나가서 그래 (Feat. 정일훈 Of BTOB)
3952,댄스,누구보다 널 사랑해
712753,댄스,Chu~♡
4920,댄스,난 괜찮아
3960,댄스,부담
2275068,댄스,맘마미아
565252,댄스,줄리엣 (Juliette)
2653,댄스,꿈을 모아서 (Just In Love)
4053,댄스,난 알아요
398518,댄스,Rainism (Clean Ver.)
470153,댄스,AH
354438,댄스,날개
5255,댄스,하늘땅 별땅
390270,댄스,신데렐라
2037666,댄스,My My
4708,댄스,바람과 함께 사라지다
5348,댄스,상상속의 너
16713,댄스,Valenti
319502,댄스,U
16339,댄스,안녕이란 말 대신
4913,댄스,편지
307424,댄스,Rising Sun (순수)
2953,댄스,뻐꾸기 둥지위로 날아간 새
60,댄스,오! 가니
5189,댄스,흔들린 우정
5051,댄스,내 얘길 들어봐
2300431,댄스,드라마 (DRAMA)
2175150,댄스,Tell Me Tell Me
34891,댄스,My Name
15920,댄스,Just A Feeling
16295,댄스,콩가
4350,댄스,나나나
197,댄스,한 (Come A Come)
34267,댄스,불꽃
2015246,댄스,파라다이스 (Paradise)
3260,댄스,머피의 법칙
2952,댄스,스피드
31991,댄스,결혼을 할 거라면
1068498,댄스,점핑 (Jumping)
5764,댄스,반
2642436,댄스,너나 잘해
614355,댄스,"Indian Boy (Feat. 장근이, B.I)"
2081127,댄스,WHOZ THAT GIRL
310133,댄스,Miracle
2148171,댄스,대박사건 (Crash)
2651,댄스,Jumpo Mambo
1590,댄스,I Love You
28453,댄스,Hit Song
2640114,댄스,왠지 (Somehow)
650854,댄스,Show
4059,댄스,하여가(何如歌)
4349,댄스,가위
542253,댄스,니가 밉다
304317,댄스,Girls On Top
417656,댄스,슈퍼맨
26356,댄스,0%
2184578,댄스,와일드 (Wild)
4247,댄스,T.O.P. (Extended Ver.)
31692,댄스,Shine
327689,댄스,칵테일 사랑
2166373,댄스,바람아 불어라
5036,댄스,진이
2264531,댄스,Red Light
2183646,댄스,차 마실래?
2281922,댄스,아드레날린 (Adrenaline)
2233451,댄스,뛰뛰빵빵
2408,댄스,난 여자가 있는데 (CF - 컴팩 프리자리오)
2289906,댄스,Candy Jelly Love
317415,댄스,미녀와 야수 (OK? OK!)
2123373,댄스,HUSH
2655851,댄스,보라빛향기
34967,댄스,The Way U Are
360994,댄스,바보
5362,댄스,예감
2125328,댄스,High High
559754,댄스,너라고 (It's You)
15871,댄스,난 사랑에 빠졌죠
337138,댄스,Dirty Cash
2585,댄스,Wild Eyes
4113,댄스,Fine
35102,랩/힙합,Y (Please Tell Me Why)
376100,랩/힙합,우산 (Feat. 윤하)
682952,랩/힙합,"헤어지지 못하는 여자, 떠나가지 못하는 남자 (Feat. 정인)"
302961,랩/힙합,I Love U Oh Thank U (Feat. 김태우 Of God)
34486,랩/힙합,너에게 쓰는 편지 (Feat. 린)
684955,랩/힙합,죽일 놈 (Guilty)
351473,랩/힙합,Ballerino
2648944,랩/힙합,"19금
몸매 (MOMMAE) (Feat. Ugly Duck)"
345359,랩/힙합,수취인 불명
342967,랩/힙합,Love Love Love (Feat. Yoong Jin Of Casker)
309097,랩/힙합,고백(Go Back) (Feat.정인)
314324,랩/힙합,몽환의 숲 (Feat. 이루마)
308473,랩/힙합,광대 (Feat. B.M.K)
354428,랩/힙합,여름 안에서
40134,랩/힙합,Bk Love
2256072,랩/힙합,상남자 (Boy In Luv)
308313,랩/힙합,Fly (Feat. Amin. J of Soulciety)
376194,랩/힙합,"서커스 (Feat. 임유경 - 달래 음악단 , ＄howgun)"
34231,랩/힙합,친구여 (Feat. 인순이)
745152,랩/힙합,로맨틱 겨울 (Feat. 김진호 Of SG워너비)
576054,랩/힙합,외톨이
345409,랩/힙합,검은 행복
327607,랩/힙합,아이스크림
5376,랩/힙합,경고
2312636,랩/힙합,하기나 해 (Feat. Loco)
2176559,랩/힙합,듣고 있어?
377201,랩/힙합,못된 여자 (Feat. 서인영)
346354,랩/힙합,봄이여 오라 (Feat. 유리)
308314,랩/힙합,그리고 그후
385653,랩/힙합,에너지 (Feat. 선예)
40482,랩/힙합,Ring My Bell (Feat. 나얼 Of Brown Eyed Soul)
3269,랩/힙합,난 널 원해
353051,랩/힙합,So Fresh (Feat. 김태우) (위대한 캣츠비 OST 삽입곡)
606451,랩/힙합,나만 모르게 (Feat. T)
2313583,랩/힙합,"19금
작두 (Feat. 넉살, Huckleberry P)"
665451,랩/힙합,트로트
2329126,랩/힙합,RESPECT (Feat. GRAY & DJ Pumkin)
2215342,랩/힙합,배인 (VAIN) (Feat. Koonta Of Rude Paper)
33232,랩/힙합,Without You
398350,랩/힙합,1분 1초 (Feat. 타루)
352134,랩/힙합,출첵 (Feat. 나얼 For Brown Eyed Soul)
2180913,랩/힙합,뻔한 멜로디 (Feat. Crush)
718853,랩/힙합,마법의 성
470251,랩/힙합,인생은 즐거워
392969,랩/힙합,Good Love (Feat. BSK a.k.a 김범수)
32840,랩/힙합,애송이 (CF - 써니텐)
2133136,랩/힙합,미안해서 미안해 (Feat. G.NA)
1053151,랩/힙합,아까워
326139,랩/힙합,마이동풍
31296,랩/힙합,리쌍부르쓰 (Feat. 정인)
35306,랩/힙합,고래의 꿈 (Falling In Love Again) (Feat. 김영근)
2309059,랩/힙합,성인
521851,랩/힙합,마음으로 하는 말 (Feat. Hanyi)
2017406,랩/힙합,짠해 (Cheerz)
2283109,랩/힙합,Good Times (Feat. Babylon)
5251,랩/힙합,나를 돌아봐
2273054,랩/힙합,"19금
100 (Feat. 천재노창)"
2293914,랩/힙합,싱숭생숭 (SsSs)
2651133,랩/힙합,못먹는 감 (Sour Grapes)
2257340,랩/힙합,지금 술 한잔 했어
43465,랩/힙합,전화번호
2175189,랩/힙합,Crush On You (Feat. Swings)
2275731,랩/힙합,Danger
463052,랩/힙합,It's Okay (Feat. 화요비)
410355,랩/힙합,Gone (Feat. 주희 Of 에이트)
981,랩/힙합,새
2110876,랩/힙합,그냥 가요 (Feat. 조현아 Of 어반자카파)
1250160,랩/힙합,On My Way (Feat. Zion.T)
16537,랩/힙합,Rush (Feat. 정인)
2217261,랩/힙합,이별식탁 (Feat. 산체스 Of 팬텀)
365151,랩/힙합,후회는 없어 (Feat. 베이지)
2316261,랩/힙합,흥탄소년단
380143,랩/힙합,Too Much (With 서인영) (우리결혼했어요 화제곡)
2309887,랩/힙합,Angel
2289391,랩/힙합,"19금
Tough Cookie (Feat. Don Mills)"
682858,랩/힙합,나는... (Feat. Ivy)
357620,랩/힙합,8:45 Heaven
382829,랩/힙합,No.3 (Feat. Sol Flower)
2655011,랩/힙합,Hello Bitches
3493,랩/힙합,One Love
34201,랩/힙합,Gloomy Sunday
2308559,랩/힙합,슬피 우는 새 (Feat. 이수영)
2647256,랩/힙합,"19금
거북선 Remix (Feat. G2, B-Free, Okasian & ZICO)"
2260672,랩/힙합,"19금
더"
675364,랩/힙합,가인 (Feat. Nemo Of 미스에스)
2639551,랩/힙합,쎈언니
2223579,랩/힙합,"19금
불도저 (Bulldozer)"
3490,랩/힙합,1tym
831152,랩/힙합,너 하나면 돼 (Feat. 개코 Of 다이나믹 듀오)
2328888,랩/힙합,딱 좋아 (Just right)
2325598,랩/힙합,"19금
111%"
1664,랩/힙합,A-Yo
2257117,랩/힙합,가
2281306,랩/힙합,가드올리고 Bounce
2107446,랩/힙합,두 마리
1156856,랩/힙합,Tonight (Feat. 샛별)
2196498,랩/힙합,"A Real Lady (Feat. Beenzino, Gray & Zion.T)"
2200733,랩/힙합,Coffee
2333774,랩/힙합,moneyflow (다 비켜봐)
2329392,랩/힙합,주마등 (Feat. 우혜미)
545352,랩/힙합,말 좀 해줘 (Feat. Soulman)
2039731,랩/힙합,"19금
불행했음 좋겠다 (Feat. Bee Of Rphabet)"
503553,랩/힙합,"L.B.A (Feat. E - Sens For Supreme Team, 김연우)"
2178559,랩/힙합,그대로 있어도 돼 (Feat. Crush)
596251,랩/힙합,Monster (Korean Ver.)
327847,랩/힙합,A Better Day
2331785,랩/힙합,AWESOME (Feat. 박재범 & GRAY)
1247356,랩/힙합,배가 불렀지 (Feat. GaeKo of DYNAMIC DUO)
2267501,랩/힙합,How Do I Look ?
31187,랩/힙합,아직 못다한 이야기 (Feat. BMK)
625656,랩/힙합,연애특강 (FEAT. 한예슬)
541551,랩/힙합,Simple Love (Feat. 나비)
324606,랩/힙합,We Belong Together
2650829,랩/힙합,"19금
먹고하고자고"
362393,랩/힙합,For You
2243967,랩/힙합,클럽이라도 좀 가
979354,랩/힙합,넌 나를 왜 (Feat. 정엽 Of Brown Eyed Soul)
2330431,랩/힙합,심상치 않아 (Feat. 주영)
3278,랩/힙합,Good Life
2267692,랩/힙합,"전화번호 (Feat. 버벌진트, 40)"
2655828,랩/힙합,Girl x Friend
2276091,랩/힙합,L4L (Lookin' For Luv) (Feat. Dok2 & The Quiett)
2040247,랩/힙합,불타는 금요일 (Friday Night)
350113,랩/힙합,My Soul
2315844,랩/힙합,Reset (Feat. 진실 Of Mad Soul Child)
2306067,랩/힙합,설레 (Feat. 백예린 Of 15&)
2201224,랩/힙합,Get It In (Feat. 정인)
1239656,랩/힙합,I'll Be There (Feat. 박재범)
2168234,랩/힙합,Real Love (Feat. 샛별)
2653551,랩/힙합,INTRO : Never Mind
2308316,랩/힙합,"19금
어쩌라고 (So What)"
2216254,랩/힙합,DOOM DADA
2325255,랩/힙합,I Get Lifted X Beenzino
2015566,랩/힙합,Speech 04. (Relation)
2030048,랩/힙합,바질 (Feat. BrotherSu)
2336976,랩/힙합,The Anecdote
2272012,랩/힙합,너의 몸에 벤 (Feat. Beenzino)
2299999,랩/힙합,내 남자친구가 고맙대
2176139,랩/힙합,"19금
2 Chainz & Rollies (Feat. Dok2)"
2274605,랩/힙합,가
316209,R&B/Soul,내사람 : Partner For Life
2393,R&B/Soul,벌써 일년
47037,R&B/Soul,귀로
32695,R&B/Soul,정말 사랑했을까
2317089,R&B/Soul,같은 시간 속의 너
331377,R&B/Soul,Must Have Love
2259487,R&B/Soul,가끔
2275063,R&B/Soul,JOAH (Re-Mastered)
23956,R&B/Soul,점점
2173468,R&B/Soul,듣는편지
328509,R&B/Soul,연
32544,R&B/Soul,With Me
349217,R&B/Soul,아리랑
465354,R&B/Soul,사랑..그 놈
2306771,R&B/Soul,우린 알아
315135,R&B/Soul,고백
3279,R&B/Soul,시간이 흐른 뒤 (As Time Goes By)
111,R&B/Soul,그런 일은
3982,R&B/Soul,해줄 수 없는 일
1234952,R&B/Soul,장마
34746,R&B/Soul,청혼
33244,R&B/Soul,사진을 보다가
2287556,R&B/Soul,SOFA
1277868,R&B/Soul,그날에 우리
824554,R&B/Soul,미워요
5402,R&B/Soul,천생연분
309078,R&B/Soul,Happiness
360077,R&B/Soul,My Story
303582,R&B/Soul,기억속의 먼 그대에게
104,R&B/Soul,어제처럼
1000016,R&B/Soul,나만 바라봐
307264,R&B/Soul,어른아이
2262622,R&B/Soul,요즘 바쁜가봐
16406,R&B/Soul,Sea Of Love
32015,R&B/Soul,Missing You
501551,R&B/Soul,Insomnia (불면증)
321652,R&B/Soul,청소
2048291,R&B/Soul,365일
1085056,R&B/Soul,Love Ballad
15956,R&B/Soul,...안 되나요... (부제: 화양연화)
35074,R&B/Soul,당신과의 키스를 세어보아요
372909,R&B/Soul,미안해요 (Feat. T.O.P)
303271,R&B/Soul,눈물이 안났어
311295,R&B/Soul,남자답게
2334438,R&B/Soul,"아끼지마 (Feat. 초아(AOA), 아이언) (Don't Be Shy)"
34652,R&B/Soul,눈을 보고 말해요
2029869,R&B/Soul,넋
607856,R&B/Soul,I'm In Love (Piano RMX)
2233196,R&B/Soul,너를
2180719,R&B/Soul,봄을 노래하다
357598,R&B/Soul,부디..
686358,R&B/Soul,사랑..그 몹쓸병
357587,R&B/Soul,사랑은 맛있다♡
599353,R&B/Soul,커피를 마시고 (Main Ver.)
32952,R&B/Soul,잊었니
2261347,R&B/Soul,Mr.애매모호
317123,R&B/Soul,혼자만 하는 사랑
307746,R&B/Soul,일년이면
314297,R&B/Soul,거짓말 하는 법
5397,R&B/Soul,이 밤의 끝을 잡고
2268012,R&B/Soul,Love Lane
2655298,R&B/Soul,어떻게 너를 사랑하지 않을 수가 있겠어
359962,R&B/Soul,사랑이 늦어서 미안해
35054,R&B/Soul,열정
33175,R&B/Soul,Think About' Chu
316771,R&B/Soul,한숨만
2648675,R&B/Soul,I'm in love (Feat. 에일리)
303106,R&B/Soul,체념 後(후)
5283,R&B/Soul,Day By Day
314376,R&B/Soul,다가와서
2220755,R&B/Soul,마음으로만
41866,R&B/Soul,불치병 (Feat. Masta Wu)
2320755,R&B/Soul,Get (Feat. Beenzino)
475051,R&B/Soul,떠나지마...
14906,R&B/Soul,More Than Words
317156,R&B/Soul,편지할께요
16762,R&B/Soul,사랑에 아파본 적 있나요
315490,R&B/Soul,나 돌아가
2257815,R&B/Soul,티가 나나봐
307560,R&B/Soul,사랑과 우정 사이
2642715,R&B/Soul,널
2303098,R&B/Soul,Angel 2 Me (Duet. Jeff Bernat)
34822,R&B/Soul,발작 (發作)
2190247,R&B/Soul,Call My Name
301369,R&B/Soul,그대는 모르죠 (Good-bye)
303578,R&B/Soul,Only One For Me
440251,R&B/Soul,엄마
2068266,R&B/Soul,꽃보다 그대가 (Original Ver.)
2218690,R&B/Soul,Special Love
29618,R&B/Soul,슬픔을 참는 세가지 방법
48604,R&B/Soul,미아
490951,R&B/Soul,반쪽
402559,R&B/Soul,Nothing Better (Guitar Ver.)
5278,R&B/Soul,Day By Day
330574,R&B/Soul,그녀가 울고있네요
2317731,R&B/Soul,너의 얘길 들어줄게
313157,R&B/Soul,사랑 먼지
2260645,R&B/Soul,별 헤는 밤
352513,R&B/Soul,이 노래
2188038,R&B/Soul,Trap (Feat. 규현&태민)
15802,R&B/Soul,내가 그댈
41601,R&B/Soul,안되나요
352381,R&B/Soul,일년을 하루같이
328782,R&B/Soul,사랑은
361837,R&B/Soul,달아요
24702,R&B/Soul,선물
353036,R&B/Soul,I Promise You
2646527,R&B/Soul,너를 그리다
2173172,R&B/Soul,12월 24일
479,R&B/Soul,You Mean Everything To Me
2336468,R&B/Soul,침대 위에서
733151,R&B/Soul,"떠나는 사람, 남겨진 사람"
2273073,R&B/Soul,바라고 바라고
2179758,R&B/Soul,오랜만이죠 (Feat. 신지수)
345251,R&B/Soul,반지하나
2306443,R&B/Soul,여자로보여
2270665,R&B/Soul,비 오는 거리
352530,R&B/Soul,우리가 이별할 때 (Duet 백지영)
2654736,R&B/Soul,Q&A
325184,R&B/Soul,아프고 아파도
2332955,R&B/Soul,"19금
마리화나"
317153,R&B/Soul,잊을래
957953,R&B/Soul,믿어줄래 (Full Melody Korean Ver.)
304135,R&B/Soul,보통여자
2640890,R&B/Soul,Put My Hands On You (Feat. Anderson .Paak)
583851,R&B/Soul,눈물이 주룩주룩
376069,R&B/Soul,취중진담 (Feat. AND)
2326466,R&B/Soul,Love Me Again
3386,R&B/Soul,눈물
2260899,R&B/Soul,집이 돼줄게
16361,R&B/Soul,눈물이 나... (Solo Ver.)
2639984,R&B/Soul,그렇게 됐어
2285322,R&B/Soul,Be Natural (Feat. SR14B 'TAEYONG (태용)')
2203237,R&B/Soul,홀리데이 (Feat. Beenzino)
358949,R&B/Soul,사랑에 미치면 (Feat. 아웃캐스트 빅보이 & J.Y.Park 'The Asiansoul')
2255565,R&B/Soul,Night And Day
2655544,R&B/Soul,몸 좀 녹이자
2644313,R&B/Soul,Nothing (Feat. 문별 of 마마무)
40847,R&B/Soul,우리 사랑 여기까지죠
2255834,R&B/Soul,하루하루
2309146,R&B/Soul,나도 여자예요
431751,R&B/Soul,Nothing Better
2219693,R&B/Soul,영화처럼
2310605,R&B/Soul,Island
2188006,R&B/Soul,다른 별 (Feat. Lovey)
2008052,R&B/Soul,Mermaid (인어공주) (R&B Ver.)
2652521,R&B/Soul,Calling in Love (Feat. 빈지노)
2652718,R&B/Soul,어제처럼
2199193,R&B/Soul,"사랑이 제일 낫더라 (With 남궁송옥, 개코 Of Dynamic Duo)"
2076266,R&B/Soul,"19금
전화기를 꺼놔 (Turn Off Your Phone)"
2014766,R&B/Soul,Left Lady
2301956,R&B/Soul,Your Love (Feat. The Quiett)
399300,R&B/Soul,별이 지다..
2306958,R&B/Soul,나비
2640645,R&B/Soul,U & I
2171814,R&B/Soul,내게 Him을 줘
2255824,R&B/Soul,지우고 싶다
2233048,인디음악,겨울을 걷는다
29678,인디음악,고백
2161846,인디음악,널 생각해
1328152,인디음악,Little Star
2226707,인디음악,고백
16600,인디음악,낭만고양이
1035872,인디음악,가끔 미치도록 네가 안고 싶어질 때가 있어
2018706,인디음악,"그대와 나, 설레임 (Feat. 소울맨)"
2643633,인디음악,부끄럼
1257355,인디음악,"수고했어, 오늘도"
459757,인디음악,사랑은 봄비처럼...이별은 겨울비처럼
32654,인디음악,오리 날다 (영화 '권순분여사 납치사건' CF 테마송)
873053,인디음악,뭐라할까
2295311,인디음악,"잘 지내자, 우리"
1191764,인디음악,요즘 너 말야 (Album Edit)
1085478,인디음악,넌 이별 난 아직 (With 한소현 Of 3rd Coast)
2461,인디음악,밤이 깊었네
2174328,인디음악,Nothing Without You
2331228,인디음악,"걷자, 집앞이야 (Feat. 주예인)"
2644090,인디음악,10월의 날씨
2007718,인디음악,안아줘요
2313121,인디음악,Hollywood
2256210,인디음악,Vineyard (빈야드)
2152350,인디음악,Fine Thank You And You?
2050467,인디음악,백야
315107,인디음악,Hawaian couple (에뛰드 복숭아송 원곡)
2266146,인디음악,넌 나 어때
775551,인디음악,좋다
2181752,인디음악,시간이 달라서
377198,인디음악,"봄날, 벚꽃 그리고 너"
3457,인디음악,습관 (Bye Bye)
2211290,인디음악,목소리 (With 정기고)
2170699,인디음악,사랑한대
2255052,인디음악,고백
3378,인디음악,챠우챠우-아무리 애를 쓰고 막아 보려 해도 너의 목소리가 들려
1057958,인디음악,사랑한다는 말로도 위로가 되지 않는
886754,인디음악,선인장 (Vocal 심규선)
2252774,인디음악,소란했던 시절에
990251,인디음악,들었다 놨다
324593,인디음악,Happy Day
2254561,인디음악,농담 반 진담 반
2008544,인디음악,"어떤 날도, 어떤 말도"
2301688,인디음악,언젠가 설명이 필요한 밤
867153,인디음악,Good Night
2308078,인디음악,입맞춤
642953,인디음악,피아니시모 (Pianissimo)
2125956,인디음악,새벽녘
1335352,인디음악,Love Shine
2116246,인디음악,행운을 빌어요
831751,인디음악,Antifreeze
5235,인디음악,너 그럴때면...
879152,인디음악,오늘밤은 어둠이 무서워요
2262926,인디음악,여름밤
2297305,인디음악,"햇살이 아파 (Feat. 마마무 '휘인', 오브로젝트 '윤닭')"
2645248,인디음악,너를 잊을 수 있을까
746051,인디음악,공원여행
2129107,인디음악,앵콜요청금지
2166316,인디음악,우리가 있던 시간
307514,인디음악,베르사이유의 장미
1093675,인디음악,너를 품에 안으면
2281849,인디음악,우산이 두갠데
44590,인디음악,넌 내게 반했어
2094995,인디음악,소년이 어른이 되어
2648801,인디음악,달과 6펜스
2243933,인디음악,네가 좋아 (Feat. 박원 Of 원모어찬스)
2261756,인디음악,나 그대의 사랑이 되리 (선잠)
2333314,인디음악,보내야 할 때 보낼 수 있을까 (With 이연호)
508382,인디음악,싸구려 커피
2643656,인디음악,아마도 우린
2108606,인디음악,햇살이 아파 (With 한소현 Of 3rd Coast)
1020852,인디음악,그리 쉽게 이별을 말하지 말아요
2182576,인디음악,대화가 필요해
2181838,인디음악,망고
924553,인디음악,Feel Alright
2334698,인디음악,취한 밤에 (Vocal 효빈)
392762,인디음악,가장 보통의 존재
463451,인디음악,"Reunion  (Feat. B-Soap, The Quiett, Verbal Jint & 조현아)"
2086766,인디음악,60's Cardin
311692,인디음악,Ready Get Set Go! (Radio Edit)
2274784,인디음악,너를 좋아하니까
2258992,인디음악,응원가
3280,인디음악,항상 엔진을 켜둘께
863451,인디음악,거울
2320034,인디음악,예뻐서 그래
398671,인디음악,곁에 (드라마 '트리플' 삽입곡)
2654701,인디음악,Miss You
2260391,인디음악,아지랑이
2299947,인디음악,Dress Code (Feat. G2)
2326948,인디음악,너에게
2179322,인디음악,키스미
2187509,인디음악,알루미늄
2312358,인디음악,길었던 너와의 연애를 마치고 (With 조형원)
2124074,인디음악,깜빡 (Feat. Zion.T & Crucial Star)
2203407,인디음악,카모마일 (Feat. 고창인 Of 슈가볼)
2182180,인디음악,봉숙이
548151,인디음악,너에게..기대
2243819,인디음악,내게기대 (Feat. 박세영)
788651,인디음악,홍콩반점
2197374,인디음악,이대로도 예뻐 (With 임동현)
2260629,인디음악,나 요즘
2106151,인디음악,살빼지 마요
2253012,인디음악,긴긴밤
1188258,인디음악,Romantico
2650830,인디음악,따뜻해줘
2317016,인디음악,내가 사라졌으면 좋겠어
2074087,인디음악,화창한 봄날에 (Feat. Kuan)
2304108,인디음악,"19금
말달리자 (Feat. 천재노창, Cjamm)"
1178951,인디음악,"별이 빛나는 밤에 (Feat. Mad Clown, 강선아 Of Downstream)"
673358,인디음악,Second First Date (feat. Ritha K) (Bonus Track from Jazz Set)
2169279,인디음악,Lalala (Feat. Beenzino)
2181452,인디음악,담담하게
2307374,인디음악,자꾸 생각나
2211866,인디음악,리코타 치즈 샐러드
2293569,인디음악,Psychic (사이킥)
2163566,인디음악,근황
2173621,인디음악,영화처럼
2216640,인디음악,새겨울
921455,인디음악,그대와 함께
2295825,인디음악,나한테 집중해
2203665,인디음악,사랑이 또 될까요
2276038,인디음악,"19금
빈지노"
40690,인디음악,날개
2279913,인디음악,오필리아 (Ophelia)
2129229,인디음악,첫사랑의 멜로디
2300745,인디음악,Panda Bear
2242898,인디음악,해바라기
344522,인디음악,Insomnia
778751,인디음악,하드코어 인생아
2172826,인디음악,토요일 오후에 (Mars Ver.)
2311611,인디음악,blu (Feat. Babylon)
1334066,인디음악,바라만 봐도 좋은데
2287224,인디음악,흩어진다 (Feat. 최인영 Of 스웨덴세탁소)
2281741,인디음악,"19금
My Team (Feat. Reddy, Okasian, Huckleberry P, Paloalto, Keith Ape)"
2190514,인디음악,연애담
2282105,인디음악,미움 (Vocal 손주희)
2295544,인디음악,Get That Money
2208548,인디음악,좋아해
2179945,인디음악,쓰다 (Feat. 김사랑)
2112506,인디음악,SILLY
2304732,인디음악,금요일 (Feat. Philtre)
2211932,인디음악,말만해 (What You Want) (Feat. 김성규)
2025647,인디음악,데려다 줄게 (Feat. VEN)
374383,록/메탈,기억을 걷는 시간
301886,록/메탈,사랑했나봐
317113,록/메탈,남자를 몰라
300646,록/메탈,겁쟁이
35269,록/메탈,사랑의 바보
417652,록/메탈,비와 당신 (영화 '라디오스타' 삽입곡)
16672,록/메탈,Never Ending Story
32889,록/메탈,Monologue
352436,록/메탈,사랑앓이
347264,록/메탈,비밀번호 486
5446,록/메탈,이미 슬픈 사랑
781,록/메탈,Endless
16605,록/메탈,그래서 그대는
5242,록/메탈,발걸음
2300079,록/메탈,"지친 하루 (With 곽진언, 김필)"
605252,록/메탈,바래
3022,록/메탈,금지된 사랑
4360,록/메탈,사랑 Two
632858,록/메탈,생각이나
10024,록/메탈,봄날은 간다
4372,록/메탈,너를 보내고
31121,록/메탈,하늘을 달리다
7655,록/메탈,하늘 끝에서 흘린 눈물
2312722,록/메탈,봄바람 (Feat. 나얼)
7988,록/메탈,"사랑, 결코 시들지 않는..."
3864,록/메탈,천년의 사랑
316819,록/메탈,질풍가도 ('쾌걸 근육맨 2세' 1기 여는노래)
324019,록/메탈,나는 나비
33800,록/메탈,해바라기 (그녀에게..)
32210,록/메탈,잊을께
2275373,록/메탈,사랑이란 말이 어울리는 사람(사말어사)
3034,록/메탈,거꾸로 강을 거슬러 오르는 저 힘찬 연어들처럼
303596,록/메탈,서시
2255,록/메탈,다시 사랑한다면
359890,록/메탈,혜성
659151,록/메탈,"Butterfly (Play 크리스티나, 이승열, 호란, 알렉스, 박기영, 웨일, 정순용, 미키, 혜원, 장은아)"
2182627,록/메탈,Bounce
935,록/메탈,진혼
4243,록/메탈,그대에게
2037979,록/메탈,흰수염고래
3255,록/메탈,달팽이
40202,록/메탈,心 (심)
32681,록/메탈,인형의 꿈
2183671,록/메탈,우리가 헤어진 진짜 이유
5279,록/메탈,눈물
334527,록/메탈,비의 랩소디
5456,록/메탈,그녀의 연인에게... #Story Ⅰ
3886,록/메탈,시작
2182969,록/메탈,VIVA청춘
3030,록/메탈,비정(非情)
1141557,록/메탈,비밀 (Special Vocal. 박완규)
309722,록/메탈,"Bravo, My Life!"
31739,록/메탈,Stay
1267052,록/메탈,Lonely Night
4660,록/메탈,고해
380853,록/메탈,여행을 떠나요
331162,록/메탈,나를 외치다
31191,록/메탈,Loveholic
3985,록/메탈,고백
4986,록/메탈,비(悲)의 Rhapsody
4428,록/메탈,조조 할인 (Feat. 이적)
30260,록/메탈,애정표현
887,록/메탈,매직 카펫 라이드
316457,록/메탈,그대만 있다면
2310577,록/메탈,6 To 9 (Feat. 로꼬)
357600,록/메탈,잘 부탁드립니다
3980,록/메탈,사랑할수록
322540,록/메탈,알 수 없는 인생
52,록/메탈,와인(迗人)
313347,록/메탈,활주 (Opening)
29706,록/메탈,진달래꽃
329197,록/메탈,샤이닝
30918,록/메탈,Say Yes
15762,록/메탈,Rain
32693,록/메탈,황혼의 문턱
4119,록/메탈,어쩌다 마주친 그대
320073,록/메탈,I Go
860568,록/메탈,Going Home
394954,록/메탈,사랑후애 (僞愛)
328289,록/메탈,죄
2018666,록/메탈,새들처럼
5441,록/메탈,헤어진 후에
1312370,록/메탈,사랑할수록
2209824,록/메탈,말이야
4231,록/메탈,슬픈 표정 하지 말아요
5451,록/메탈,슬프도록 아름다운 ...
224,록/메탈,사슬
310059,록/메탈,나에게로의 초대
3008,록/메탈,아름다운 구속
2181790,록/메탈,Lemon Tree
4663,록/메탈,미안해 널 미워해
41331,록/메탈,하하하쏭
2640306,록/메탈,사랑과 우정 사이
2221443,록/메탈,또르르
16434,록/메탈,그녀의 연인에게
2236444,록/메탈,지구가 태양을 네 번
3429,록/메탈,눈물
361533,록/메탈,너 올 때까지
3296,록/메탈,사미인곡
327589,록/메탈,마음을 잃다
2203531,록/메탈,이별 10분 전
328079,록/메탈,비와 당신 (박중훈 Ver.)
2108570,록/메탈,"그리고, 남겨진 것들"
2082946,록/메탈,풍문으로 들었소
5186,록/메탈,내 남은 사랑을 위해
2288468,록/메탈,내일
2291798,록/메탈,날아
3472,록/메탈,신(新) 인류의 사랑
2330180,록/메탈,나를 슬프게 하는 사람들 (노래왕 퉁키)
5270,록/메탈,오락실
2311319,록/메탈,행복의 주문
27397,록/메탈,첫사랑
3156,록/메탈,Aspirin (아스피린) (12 String Guitar Ver.)
2126830,록/메탈,소나기
778163,록/메탈,가슴이 차가운 남자 (Let You Go)
4673,록/메탈,좋아 좋아
2043,록/메탈,I' ll Be There
31697,록/메탈,안녕
578052,록/메탈,그 겨울의 찻집
4011,록/메탈,회상
1316054,록/메탈,결혼
2182978,록/메탈,귀여운 남자
5342,록/메탈,사랑하니까
2046326,록/메탈,사랑..그놈
8645,록/메탈,비오는 날 수채화
2167336,록/메탈,힐링이 필요해
4544,록/메탈,일기
3025,록/메탈,나의 사랑 천상(天上)에서도
862952,록/메탈,카레
43506,록/메탈,걱정말아요 그대 ('응답하라 1988' 삽입곡)
2228144,록/메탈,답이 없었어
4667,록/메탈,일탈
969,록/메탈,하루
4015,록/메탈,너의 의미
2192973,록/메탈,비가 온다
2472,록/메탈,Crying
5310,록/메탈,널 위한 거야
3031,록/메탈,넌 할 수 있어
67258,록/메탈,웃어도 눈물이나
4149,록/메탈,사랑한 후에
2179608,록/메탈,봄에게 바라는 것
2249576,록/메탈,고래 (Drama Ver.)
2149653,록/메탈,좋겠어 (I wish)
30257,록/메탈,내 낡은 서랍 속의 바다
5328,록/메탈,Blue Day
824662,록/메탈,사랑이란건
3205,록/메탈,일상으로의 초대 (Radio Mix)
2292327,록/메탈,나무
4497,록/메탈,비와 당신의 이야기
2295611,록/메탈,아름다운 강산
301149,록/메탈,여기까진가요
3253,록/메탈,내게 다시
4005,록/메탈,청춘
311038,록/메탈,정류장
8713,록/메탈,산책
8380,록/메탈,마지막 승부
41425,록/메탈,나비
2047472,록/메탈,사랑했지만
2323471,록/메탈,Stay With Me
797251,록/메탈,좋은 사람 있으면 소개시켜줘
16670,록/메탈,팬이야
2218091,록/메탈,안녕 여자친구
374840,록/메탈,매일 그대와 ('응답하라 1988' 삽입곡)
4831,록/메탈,나는 나
2652151,록/메탈,사랑은 가슴이 시킨다 Part.3
311048,록/메탈,슈퍼스타
312876,록/메탈,고무신을 신은 줄리엣
339545,록/메탈,볼때기 사랑
3212,록/메탈,해에게서 소년에게
8062,록/메탈,걸어서 하늘까지
305352,록/메탈,추억속의 재회
4983,록/메탈,사랑한 후에
16195,록/메탈,Last Scene
35590,록/메탈,영원토록
2312137,록/메탈,후유증 (Feat. 민현 Of 뉴이스트)
2010429,록/메탈,사랑하기 전에는
43367,록/메탈,피너츠 송
911355,록/메탈,For You
519552,록/메탈,"조금씩, 천천히, 너에게"
32477,록/메탈,아버지
313428,록/메탈,어떤이의 꿈
2655320,록/메탈,무이이야 (Rock Ver.)
2166048,록/메탈,60초
909155,록/메탈,Smile Boy (Rock Ver.)
2218691,록/메탈,걱정말아요 그대
2168088,록/메탈,모나리자 (원곡가수 조용필)
33102,록/메탈,이 비가 그치면
1301558,록/메탈,그렇고 그런 사이
1102351,록/메탈,Dear
2321233,록/메탈,응급실 (꽃피는 오골계)
314791,록/메탈,우리 앞의 생이 끝나갈때
826956,록/메탈,집시여인
2021046,록/메탈,Desperado (Eagles)
40282,록/메탈,사랑하나요!?
4065,록/메탈,시대유감(詩代遺憾)
5331,록/메탈,도시인
314381,록/메탈,숨길 수 없어요
2317697,록/메탈,너여야만 해
382818,록/메탈,Something Good
374814,록/메탈,사랑한후에 (응답하라 1988 삽입곡)
2294978,록/메탈,청춘연가
2183326,록/메탈,너와 나
1216951,록/메탈,나 항상 그대를 (With YB)
309214,록/메탈,골목길 (응답하라 1988 삽입곡)
337448,록/메탈,가거라 사랑아
303242,록/메탈,Hold Me Now
345856,록/메탈,가지마 가지마
2646635,록/메탈,날아라 병아리
2654112,록/메탈,3인칭의 필요성
4049,록/메탈,울트라맨이야
2195596,록/메탈,에필로그1
43569,록/메탈,Thank You
1083970,록/메탈,너라는 걸
587352,록/메탈,"사랑은 왜 언제나 (Feat. 김지영, 낯선)"
2276529,록/메탈,사랑하고 있다
916260,트로트,초혼
302749,트로트,사랑아
2149029,트로트,안동역에서
2321181,트로트,보릿고개
4899,트로트,바람의 노래
2238221,트로트,천태만상
303241,트로트,둥지
43509,트로트,어머나!
2185509,트로트,남자는 말합니다
399083,트로트,시계바늘
2167949,트로트,미운 사랑
358097,트로트,첫사랑
313232,트로트,태클을 걸지마
4223,트로트,백만송이 장미
4828,트로트,단발머리
2307189,트로트,내 나이가 어때서
308989,트로트,거짓말
2180754,트로트,오라버니
2644084,트로트,보약같은 친구
327658,트로트,어부바
304821,트로트,당돌한 여자
4906,트로트,꿈
301104,트로트,무조건
382274,트로트,사랑을 위하여
2169033,트로트,오라버니
387131,트로트,장윤정 트위스트
303115,트로트,우연히
2020392,트로트,뿐이고
316294,트로트,비나리
316182,트로트,낭만에 대하여
348316,트로트,황진이
375878,트로트,애모
385859,트로트,"날 봐, 귀순"
5040,트로트,천상재회
7031,트로트,남자라는 이유로
3521,트로트,땡벌
2175104,트로트,잡초
345483,트로트,로꾸거!!!
708753,트로트,천년지기
2255373,트로트,내 나이가 어때서
323913,트로트,곤드레 만드레
2014776,트로트,부초같은 인생
2274676,트로트,사랑님
31028,트로트,사랑
501959,트로트,짜라자짜 (Feat. 다비치)
377226,트로트,나야 나
344590,트로트,이차선 다리
2329702,트로트,진진자라
2643255,트로트,나무꾼
761552,트로트,빵빵
7113,트로트,님의 등불
30739,트로트,사랑의 밧줄
753159,트로트,짝사랑
361951,트로트,사랑
313443,트로트,잃어버린 우산
303107,트로트,자기야
7977,트로트,남행열차
4075,트로트,사랑의 트위스트
344626,트로트,내 하나의 사람은 가고
301473,트로트,열정
318128,트로트,문 밖에 있는 그대
4843,트로트,신사동 그사람
34354,트로트,동반자
310960,트로트,"바람, 바람, 바람"
2245388,트로트,일소일소 일노일노 (一笑一少 一怒一老)
5046,트로트,사랑의 미로
309220,트로트,환희
315114,트로트,가을을 남기고 간 사랑
4847,트로트,추억으로 가는 당신
4900,트로트,기다리는 아픔
303748,트로트,그때 그사람
842551,트로트,수은등
2315072,트로트,초혼 (2015 Ver.)
4686,트로트,립스틱 짙게 바르고
1246257,트로트,꽃물
6267,트로트,당돌한 여자
5243,트로트,갈색추억
3526,트로트,삼각관계
43247,트로트,애원
2271796,트로트,묻지마세요
301471,트로트,섬마을 선생님
33057,트로트,너는 내 남자
5030,트로트,꼬마인형
321809,트로트,청춘을 돌려다오
2167201,트로트,나쁜남자
1000755,트로트,머나먼고향
394358,트로트,오빠만 믿어
943458,트로트,사랑의 초인종
8707,트로트,님과 함께
310401,트로트,멍에
345472,트로트,토요일 밤에
729851,트로트,일편단심
2038930,트로트,대찬인생
30978,트로트,정말 좋았네
2655594,트로트,연모
1077755,트로트,영원한 친구
2246426,트로트,이태원 배터리
1122554,트로트,골목길
317687,트로트,누이
2245208,트로트,내장산
398330,트로트,찰랑찰랑
1180776,트로트,비가
4852,트로트,또 만났네요
319731,트로트,쓰러집니다
310473,트로트,가을비 우산속
7028,트로트,사나이 눈물
484764,트로트,대박이야!
410251,트로트,부끄부끄
35540,트로트,첫눈이 온다구요 ('응답하라 1988' 삽입곡)
541156,트로트,열두줄
2256656,트로트,어느 소녀의 사랑 이야기
4967,트로트,해후
4945,트로트,낭만에 대하여
4990,트로트,사랑은 아무나 하나
5052,트로트,찬찬찬
16739,트로트,해운대 연가
2022928,트로트,돌리도
30077,트로트,사랑은 장난이 아니야
6694,트로트,아득히 먼곳
4191,트로트,네박자
30432,트로트,내 마음 갈 곳을 잃어
5118,트로트,요즘여자 요즘남자
2300603,트로트,쉬운 여자 아니에요 (Feat. 정형돈)
717853,트로트,분위기 좋고
6692,트로트,숨어우는 바람소리
5671,트로트,초연
862957,트로트,쌈바의 여인
4786,트로트,애심
352933,트로트,남자는 여자를 귀찮게 해
3739,트로트,님은 먼 곳에
2281912,트로트,보고 싶다 내 사랑
3682,트로트,얄미운 사람
313245,트로트,휴식을 위하여
1018253,트로트,애월랑 (愛月浪)
356754,트로트,겨울장미
16147,트로트,가인
2211436,트로트,안동역에서
374659,트로트,부산 갈매기
310678,트로트,만남
319777,트로트,모르리
7011,트로트,꽃바람 여인
349189,트로트,멋진인생
600568,트로트,진또배기
7223,트로트,날개
310403,트로트,잃어버린 정
2208331,트로트,친구야
362108,트로트,화등
2098186,트로트,사랑껌
5847,트로트,연안부두
2154286,트로트,왔구나 왔어
5925,트로트,있을 때 잘해
2188001,트로트,영일만 친구
368728,트로트,해뜰날
413159,트로트,봉선화 연정
318946,트로트,몽키매직
4082,트로트,다함께 차차차
300931,트로트,여정
2682677,트로트,해변의 여인
4817,트로트,화개장터
1027367,트로트,가지마
923351,트로트,모란 동백
2174449,트로트,돌아가는 삼각지
315081,트로트,가슴 아프게
338467,트로트,내사랑 그대여
2642281,트로트,예쁜 여우
301478,트로트,독백
977659,트로트,무슨 사랑
310392,트로트,그것은 인생
310379,트로트,봄날은 간다
5050,트로트,밤에 떠난 여인
344174,트로트,사랑을 위하여
310266,트로트,사랑없인 못살아요
4361,트로트,그저 바라볼수만 있어도
349746,트로트,찻집의 고독
2167570,트로트,마지막 잎새
16313,트로트,빠이 빠이야
2253814,트로트,천년지기
48953,트로트,춤추는 템버린
743512,트로트,도시의 삐에로
354256,트로트,사랑아
3571,트로트,타타타
10241095,트로트,추억의 발라드
310361,트로트,향수(경음악)
311596,트로트,어디서 무엇이 되어 다시 만나랴
308799,트로트,참아주세요
48100,트로트,그 겨울의 찻집
2310152,트로트,최고다 당신
32464,트로트,사랑을 한 번 해보고 싶어요
2315015,트로트,흔들어주세요
5085,트로트,사랑은 나비인가봐
301501,트로트,사는게 뭔지 (DJ처리 Remix Ver.)
6739,트로트,바람이려오
499863,트로트,찔레꽃
793457,트로트,칠갑산
15912,트로트,유일한 사람
334355,트로트,둠바둠바
2306064,트로트,사랑해 고마워
882770,트로트,고장난 벽시계
2192611,트로트,아씨
895153,트로트,아슬아슬
23581,트로트,첫차
4846,트로트,잠깐만
2234151,트로트,미운사랑 (Dance Ver.)
583651,트로트,연하의 남자
34769,트로트,오동잎
310134,트로트,영시의 이별
352366,트로트,내일이 찾아와도
34376,트로트,천년을 빌려준다면
302586,트로트,존재의 이유 1
2260924,트로트,천생연분
4124,트로트,파초
6010,트로트,당신
47149,트로트,누가울어
356712,트로트,돌아와요 부산항에
2013431,트로트,노래방
2313899,트로트,딱 좋아
316978,트로트,서울의 밤
2333321,트로트,비가 온다
41114,트로트,두렵지 않은 사랑
2126746,트로트,이력서
2039126,트로트,떠나는 님아
343244,트로트,숨어우는바람소리
33412,트로트,물보라
704652,트로트,미련 때문에
310245,트로트,당신
300429,트로트,잘살꺼야
315147,트로트,동숙의 노래
2223236,트로트,무궁화
326994,트로트,카스바의 여인
2015149,트로트,젊은 태양
4838,트로트,미워 미워 미워
382277,트로트,사랑하는 날까지
2223153,트로트,미워도 다시한번
399172,트로트,우지마라 (송대관 & 진아 Cho. Ver.)
3669,트로트,애증의 강 (사랑과 미움이 머물때)
708551,트로트,사랑의 이름표
2210765,트로트,남남으로 만나서
2257479,트로트,있을때 잘해
4856,트로트,내 이름은 구름이여
16673,트로트,가져가
316615,트로트,비와 외로움
10498006,트로트,차표한장
5701,트로트,그날
300608,트로트,사랑해서 미안해
2109887,트로트,당신을 사랑합니다
808956,트로트,사랑은 돈보다 좋다
5012,트로트,애인
300593,트로트,화장을 지우는 여자
315102,트로트,여로
31091,트로트,떠날 수 없는 당신
44933,트로트,정거장
358255,트로트,불효자는 웁니다
2663701,트로트,여고시절
2250040,트로트,불꺼진 창
388885,트로트,못 잊을 사랑
4853,트로트,상처
2033813,트로트,소양강 처녀
539255,트로트,폼나게 살거야
399171,트로트,홍시
10498055,트로트,말 버린 남자
378781,트로트,인생
5042,트로트,바람에 흔들리고 비에 젖어도
316999,트로트,바보
2152182,트로트,아이좋아라
2139624,트로트,춘향아
2057426,트로트,초우
2320172,트로트,그놈에 사랑
809552,트로트,사랑이 뭐길래
35355,트로트,사는 동안
6506,트로트,저 하늘 별을 찾아
6131,트로트,야화
2212709,트로트,몰랐네
2233883,트로트,와인
16620,트로트,갈매기 사랑
31761,트로트,님의 향기
5076,트로트,당신만을 사랑해
6499,트로트,연상의 여인
315088,트로트,돌지않는 풍차
7339,트로트,인연
1057154,트로트,사랑아 가자
300929,트로트,초혼
315995,트로트,부초
361209,트로트,카스바의 여인
2412,포크/블루스,"너에게 난, 나에게 넌"
1047955,포크/블루스,너무 아픈 사랑은 사랑이 아니었음을
2185344,포크/블루스,I Love You
1047953,포크/블루스,잊어야 한다는 마음으로
2190230,포크/블루스,봄봄봄
10187737,포크/블루스,사랑했지만
10187738,포크/블루스,어느 60대 노부부 이야기
2293911,포크/블루스,가리워진 길
10392748,포크/블루스,먼지가 되어 (스튜디오 녹음중에서)
3256,포크/블루스,널 사랑하겠어
2292646,포크/블루스,피노키오
311488,포크/블루스,거리에서
2284514,포크/블루스,걱정말아요 그대
357081,포크/블루스,내가 만일
1343255,포크/블루스,바람이 불어오는 곳
2285059,포크/블루스,Home
2179123,포크/블루스,사랑은 은하수 다방에서
2181115,포크/블루스,Officially Missing You
2136688,포크/블루스,내 사랑아
2216499,포크/블루스,Rain
2168087,포크/블루스,다리꼬지마
2170030,포크/블루스,매력있어
2641159,포크/블루스,밥 한 끼 해요 (Feat. 윤보미 of Apink)
2175511,포크/블루스,라면인건가
2054386,포크/블루스,시청 앞 지하철 역에서
648556,포크/블루스,사람이 꽃보다 아름다워
4746,포크/블루스,나의 외로움이 널 부를 때
4334,포크/블루스,별이 진다네
4296,포크/블루스,산골 소년의 사랑이야기
2054389,포크/블루스,혜화동
353303,포크/블루스,사랑 그 쓸쓸함에 대하여
2646189,포크/블루스,가을이긴 한가 봐
117,포크/블루스,개똥벌레
4344,포크/블루스,산다는건 다 그런게 아니겠니
355858,포크/블루스,살다보면
1164054,포크/블루스,Sunshine
29718,포크/블루스,부치지 않은 편지
2303168,포크/블루스,일종의 고백
526658,포크/블루스,나같은건없는건가요
4095,포크/블루스,그대 그리고 나
2181656,포크/블루스,그냥 조금
2293169,포크/블루스,첫눈이 오면
360869,포크/블루스,"바람, 어디에서 부는지"
5112,포크/블루스,누구없소?
2013550,포크/블루스,난 좋아
2315014,포크/블루스,Marry Me
2032947,포크/블루스,아침이슬
288,포크/블루스,사랑하게 되면
2237318,포크/블루스,씨스루
301340,포크/블루스,보이나요? (Remastered)
480751,포크/블루스,사랑으로
2320761,포크/블루스,Coffee & Tea
743315,포크/블루스,한계령
309703,포크/블루스,행복을 주는 사람
2300069,포크/블루스,My Love
2181022,포크/블루스,커피 한잔 할까?
2293913,포크/블루스,야야야
2180636,포크/블루스,언젠가 너로 인해
16579,포크/블루스,그렇게 너를 사랑해 (전지현 CF삽입곡)
2290109,포크/블루스,기분 좋은 느낌
2120895,포크/블루스,선물할게
741753,포크/블루스,고등어
816954,포크/블루스,사랑에 빠진 딸기 (배스킨라빈스 31 CF 삽입곡)
2307977,포크/블루스,사랑의 시작은 이사에서부터 (Duet With 은종)
659,포크/블루스,왠지 느낌이 좋아
2180373,포크/블루스,Brunch
2653015,포크/블루스,넌 행복해
1091454,포크/블루스,우리는 선처럼 가만히 누워 (Feat. 이상순)
2298858,포크/블루스,귀여워
2656737,포크/블루스,"아직, 있다."
1118254,포크/블루스,그대 내게 행복을 주는 사람
2174062,포크/블루스,이름 모를 소녀
3813,포크/블루스,사계
4144,포크/블루스,담배가게 아가씨
2216169,포크/블루스,"넌 이별 난 아직 (Feat. 박신혜, 화사 Of 마마무)"
310565,포크/블루스,그대품에 잠들었으면
2325326,포크/블루스,솜과 사탕
2126378,포크/블루스,Spring I Love You Best
2282506,포크/블루스,그대가 가을이라면
34712,포크/블루스,하얀 목련
586957,포크/블루스,가슴앓이
313729,포크/블루스,끝이 없는 길
2330919,포크/블루스,사랑하기 좋은 날
2173896,포크/블루스,편지
2646775,포크/블루스,접속
2041993,포크/블루스,우린 지금 어디쯤에 있는 걸까
40094,포크/블루스,목로주점
2094006,포크/블루스,바람이 부네요
2170138,포크/블루스,아이보리
310008,포크/블루스,이룰수 없는 사랑 (異戀)
2320283,포크/블루스,또르르
310146,포크/블루스,떠나가는 배
2642439,포크/블루스,피어나
2172674,포크/블루스,잘 지내니 좀 어떠니 (KBS '1박 2일' 삽입곡)
9870,포크/블루스,꼬마야
460053,포크/블루스,마지막 춤은 나와 함께
399156,포크/블루스,에구구구
605054,포크/블루스,염장송
2185245,포크/블루스,이 빗속에 (Acoustic Ver.)
2336064,포크/블루스,사하
398139,포크/블루스,두근두근 (영화 '핸드폰' 삽입곡)
390313,포크/블루스,우리 처음 만난 날
2237851,포크/블루스,Now And Forever
2680889,포크/블루스,그얼굴의 햇살을
2642965,포크/블루스,사랑은 늘 도망가
2130889,포크/블루스,가끔 미치도록 네가 안고 싶어질 때가 있어
2314442,포크/블루스,니가 궁금해
2641481,포크/블루스,"카라멜마끼아또 (With. 장규철,이시은)"
2257294,포크/블루스,데미안
2150728,포크/블루스,어느 날
